--STORE

INSERT INTO arcade.Store([store_id],[store_location]) VALUES(01000,'Ap #772-6372 Blandit Rd.');
INSERT INTO arcade.Store([store_id],[store_location]) VALUES(01001,'Ap #633-2998 Vitae Street');
INSERT INTO arcade.Store([store_id],[store_location]) VALUES(01002,'P.O. Box 296, 7332 Amet, Street');
INSERT INTO arcade.Store([store_id],[store_location]) VALUES(01003,'P.O. Box 360, 1094 Mauris Ave');
--INSERT INTO Store([store_id],[store_location]) VALUES(01004,'3599 Tellus Street');
--INSERT INTO Store([store_id],[store_location]) VALUES(01005,'Ap #859-1115 Sem Av.');


--Deleted References
INSERT INTO arcade.Employee([emp_no],[emp_name],[emp_address],[email],[salary],[phone_no],[NIF],[schedule],[store]) VALUES(12999,'DELETED EMPLOYEE',null,null,null,null,'000000000',' 08999','01999');
INSERT INTO arcade.Schedule([schedule_code],[start_time],[end_time]) VALUES(08999,null,null);
INSERT INTO arcade.Store([store_id],[store_location]) VALUES(01999,"DELETED STORE");
INSERT INTO arcade.Client([client_no],[cli_name],[points],[credits]) VALUES(06999,'DELETED CLIENT',0,0);
INSERT INTO arcade.ArcadeMachine([serial_no],[manufacturer],[NIF],[code],[store_id]) VALUES(000000000,null ,'000000000',04999,01999);
INSERT INTO arcade.Supplier ([NIF],[email],[phone_no],[sup_address],[sup_name]) VALUES ('000000000',null,'000000000',null,null);
INSERT INTO arcade.Game([game_id],[game_name],[publisher_id],[point_value],[credit_cost],[no_players]) VALUES(04999,null,'03999','0','0','1'); -- 1 player due to CHECK constraints
INSERT INTO arcade.Publisher([pub_id],[pub_name],[pub_location],[is_indie]) VALUES(03999,'DELETED PUBLISHER',null,null);

--GAME

INSERT INTO arcade.Game([game_id],[game_name],[publisher_id],[point_value],[credit_cost],[no_players]) VALUES(04000,'Donkey Kong','03005','1','1','1');
INSERT INTO arcade.Game([game_id],[game_name],[publisher_id],[point_value],[credit_cost],[no_players]) VALUES(04001,'Mortal Kombat ','03020','2','1','1');
INSERT INTO arcade.Game([game_id],[game_name],[publisher_id],[point_value],[credit_cost],[no_players]) VALUES(04002,'Mortal Kombat II','03020','3','2','1');
INSERT INTO arcade.Game([game_id],[game_name],[publisher_id],[point_value],[credit_cost],[no_players]) VALUES(04003,'Space Invaders','03006','0','2','2');
INSERT INTO arcade.Game([game_id],[game_name],[publisher_id],[point_value],[credit_cost],[no_players]) VALUES(04004,'Asteroids','03006','4','3','1');
INSERT INTO arcade.Game([game_id],[game_name],[publisher_id],[point_value],[credit_cost],[no_players]) VALUES(04005,'Pong','03007','5','3','3');
INSERT INTO arcade.Game([game_id],[game_name],[publisher_id],[point_value],[credit_cost],[no_players]) VALUES(04006,'Street Fighter 2','03007','6','1','1');
INSERT INTO arcade.Game([game_id],[game_name],[publisher_id],[point_value],[credit_cost],[no_players]) VALUES(04007,'Tetris','03007','7','1','2');
INSERT INTO arcade.Game([game_id],[game_name],[publisher_id],[point_value],[credit_cost],[no_players]) VALUES(04008,'Galaga','03007','10','2','1');
INSERT INTO arcade.Game([game_id],[game_name],[publisher_id],[point_value],[credit_cost],[no_players]) VALUES(04009,'Astro','03008','1','2','1');
INSERT INTO arcade.Game([game_id],[game_name],[publisher_id],[point_value],[credit_cost],[no_players]) VALUES(04010,'Guitar Hero Arcade','03008','2','3','1');
INSERT INTO arcade.Game([game_id],[game_name],[publisher_id],[point_value],[credit_cost],[no_players]) VALUES(04011,'Mario Bros.','03008','3','3','2');
INSERT INTO arcade.Game([game_id],[game_name],[publisher_id],[point_value],[credit_cost],[no_players]) VALUES(04012,'Joust','03009','4','1','1');
INSERT INTO arcade.Game([game_id],[game_name],[publisher_id],[point_value],[credit_cost],[no_players]) VALUES(04013,'Fix-It Ralph','03009','1','1','3');
INSERT INTO arcade.Game([game_id],[game_name],[publisher_id],[point_value],[credit_cost],[no_players]) VALUES(04014,'Tron','03010','1','2','1');
INSERT INTO arcade.Game([game_id],[game_name],[publisher_id],[point_value],[credit_cost],[no_players]) VALUES(04015,'Punch-Out!','03010','0','2','2');
INSERT INTO arcade.Game([game_id],[game_name],[publisher_id],[point_value],[credit_cost],[no_players]) VALUES(04016,'WarioWare','03011','2','3','1');
INSERT INTO arcade.Game([game_id],[game_name],[publisher_id],[point_value],[credit_cost],[no_players]) VALUES(04017,'Q*Bert','03012','1','3','1');
INSERT INTO arcade.Game([game_id],[game_name],[publisher_id],[point_value],[credit_cost],[no_players]) VALUES(04018,'Broforce','03013','2','1','1');
INSERT INTO arcade.Game([game_id],[game_name],[publisher_id],[point_value],[credit_cost],[no_players]) VALUES(04019,'Duck Hunt','03014','3','1','2');
INSERT INTO arcade.Game([game_id],[game_name],[publisher_id],[point_value],[credit_cost],[no_players]) VALUES(04020,'SEGA Racing','03015','0','2','1');
INSERT INTO arcade.Game([game_id],[game_name],[publisher_id],[point_value],[credit_cost],[no_players]) VALUES(04021,'OutRun','03016','4','2','3');
INSERT INTO arcade.Game([game_id],[game_name],[publisher_id],[point_value],[credit_cost],[no_players]) VALUES(04022,'Moon Patrol','03017','5','3','1');
INSERT INTO arcade.Game([game_id],[game_name],[publisher_id],[point_value],[credit_cost],[no_players]) VALUES(04023,'Gauntlet Legends','03018','6','3','2');
INSERT INTO arcade.Game([game_id],[game_name],[publisher_id],[point_value],[credit_cost],[no_players]) VALUES(04024,'Golden Axe','03019','7','1','1');
INSERT INTO arcade.Game([game_id],[game_name],[publisher_id],[point_value],[credit_cost],[no_players]) VALUES(04025,'Bad Dudes vs Dragon Ninja','03001','10','1','1');
INSERT INTO arcade.Game([game_id],[game_name],[publisher_id],[point_value],[credit_cost],[no_players]) VALUES(04026,'Dance Dance Revolution','03001','1','2','1');
INSERT INTO arcade.Game([game_id],[game_name],[publisher_id],[point_value],[credit_cost],[no_players]) VALUES(04027,'Friday Night Funkin','03001','2','2','2');
INSERT INTO arcade.Game([game_id],[game_name],[publisher_id],[point_value],[credit_cost],[no_players]) VALUES(04028,'Space Duel','03002','3','3','1');
INSERT INTO arcade.Game([game_id],[game_name],[publisher_id],[point_value],[credit_cost],[no_players]) VALUES(04029,'Super Smash Bros Melee','03002','4','3','3');
INSERT INTO arcade.Game([game_id],[game_name],[publisher_id],[point_value],[credit_cost],[no_players]) VALUES(04030,'Fix-It Felix Jr','03002','1','1','1');
INSERT INTO arcade.Game([game_id],[game_name],[publisher_id],[point_value],[credit_cost],[no_players]) VALUES(04031,'Stellaris','03002','1','1','2');
INSERT INTO arcade.Game([game_id],[game_name],[publisher_id],[point_value],[credit_cost],[no_players]) VALUES(04032,'PaperBoy','03003','0','2','1');
INSERT INTO arcade.Game([game_id],[game_name],[publisher_id],[point_value],[credit_cost],[no_players]) VALUES(04033,'Waterboy and Firegirl','03003','2','2','1');
INSERT INTO arcade.Game([game_id],[game_name],[publisher_id],[point_value],[credit_cost],[no_players]) VALUES(04034,'Streets of Rage 2','03003','1','3','1');
INSERT INTO arcade.Game([game_id],[game_name],[publisher_id],[point_value],[credit_cost],[no_players]) VALUES(04035,'ToeJam & Earl','03004','2','3','2');
INSERT INTO arcade.Game([game_id],[game_name],[publisher_id],[point_value],[credit_cost],[no_players]) VALUES(04036,'Puyo Puyo','03004','3','1','1');
INSERT INTO arcade.Game([game_id],[game_name],[publisher_id],[point_value],[credit_cost],[no_players]) VALUES(04037,'モンスターハンター','03004','0','1','3');
INSERT INTO arcade.Game([game_id],[game_name],[publisher_id],[point_value],[credit_cost],[no_players]) VALUES(04038,'ジョジョの奇妙な冒険','03004','0','1','2');
INSERT INTO arcade.Game([game_id],[game_name],[publisher_id],[point_value],[credit_cost],[no_players]) VALUES(04039,'Mario Kart Arcade','03005','0','1','2');
INSERT INTO arcade.Game([game_id],[game_name],[publisher_id],[point_value],[credit_cost],[no_players]) VALUES(04040,'The Elder Scrolls V: Skyrim Arcade Ver.','03005','0','1','2');

--Prizes0

INSERT INTO  arcade.Prize([pri_id],[pri_name],[pri_price],[no_available],[store_id]) VALUES(07000,'Branded Snack','15','53','01001');
INSERT INTO  arcade.Prize([pri_id],[pri_name],[pri_price],[no_available],[store_id]) VALUES(07001,'Funko Pop','25','22','01003');
INSERT INTO  arcade.Prize([pri_id],[pri_name],[pri_price],[no_available],[store_id]) VALUES(07002,'Nintendo Plushie','50','20','01002');
INSERT INTO  arcade.Prize([pri_id],[pri_name],[pri_price],[no_available],[store_id]) VALUES(07003,'Lifesize Snorlax Plushie','100','3','01004');
INSERT INTO  arcade.Prize([pri_id],[pri_name],[pri_price],[no_available],[store_id]) VALUES(07004,'Random Pocky Box','15','30','01003');
INSERT INTO  arcade.Prize([pri_id],[pri_name],[pri_price],[no_available],[store_id]) VALUES(07005,'Round Pins','15','50','01002');
INSERT INTO  arcade.Prize([pri_id],[pri_name],[pri_price],[no_available],[store_id]) VALUES(07006,'Pikachu Hat','25','10','01000');
INSERT INTO  arcade.Prize([pri_id],[pri_name],[pri_price],[no_available],[store_id]) VALUES(07007,'Anime figurine','50','15','01001');
INSERT INTO  arcade.Prize([pri_id],[pri_name],[pri_price],[no_available],[store_id]) VALUES(07008,'Bargain Bin Videogame','100','10','01001');
INSERT INTO  arcade.Prize([pri_id],[pri_name],[pri_price],[no_available],[store_id]) VALUES(07009,'Funky Keyring','15','30','01002');
INSERT INTO  arcade.Prize([pri_id],[pri_name],[pri_price],[no_available],[store_id]) VALUES(07010,'Colorful Phone Charm','15','32','01004');

--Employees

INSERT INTO  arcade.Employee([emp_no],[emp_name],[emp_address],[email],[salary],[phone_no],[NIF],[schedule],[store]) VALUES(12000,'Constance Rios','733 Non, Street','a@lacuspedesagittis.net',852,'(+351) 933293077','102137183',' 08001','01001');
INSERT INTO  arcade.Employee([emp_no],[emp_name],[emp_address],[email],[salary],[phone_no],[NIF],[schedule],[store]) VALUES(12001,'Yardley Lowe','P.O. Box 350, 7819 Pede Road','sollicitudin.commodo.ipsum@sedturpisnec.org',1256,'(+351) 941979762','273679664',' 08001','01002');
INSERT INTO  arcade.Employee([emp_no],[emp_name],[emp_address],[email],[salary],[phone_no],[NIF],[schedule],[store]) VALUES(12002,'Jolene Mcdowell','4031 Magna St.','Cras.lorem.lorem@viverra.co.uk',1376,'(+351) 935020574','092082933',' 08002','01003');
INSERT INTO  arcade.Employee([emp_no],[emp_name],[emp_address],[email],[salary],[phone_no],[NIF],[schedule],[store]) VALUES(12003,'Eric Chang','929-3629 Pede, Street','amet@laciniaat.ca',989,'(+351) 901099988','150955761',' 08002','01003');
INSERT INTO  arcade.Employee([emp_no],[emp_name],[emp_address],[email],[salary],[phone_no],[NIF],[schedule],[store]) VALUES(12004,'Octavia Warner','P.O. Box 918, 3955 Eget St.','luctus.vulputate.nisi@convallisconvallisdolor.com',1233,'(+351) 976324186','707161515',' 08003','01002');
INSERT INTO  arcade.Employee([emp_no],[emp_name],[emp_address],[email],[salary],[phone_no],[NIF],[schedule],[store]) VALUES(12005,'Orson C. Cross','Ap #795-1440 Nunc Rd.','magna.a@aliquet.edu',1309,'(+351) 976537034','020068229',' 08003','01002');
INSERT INTO  arcade.Employee([emp_no],[emp_name],[emp_address],[email],[salary],[phone_no],[NIF],[schedule],[store]) VALUES(12006,'Maisie T. Blevins','P.O. Box 174, 1371 Risus, Rd.','amet.consectetuer.adipiscing@metus.com',920,'(+351) 930827635','485396276',' 08004','01001');
INSERT INTO  arcade.Employee([emp_no],[emp_name],[emp_address],[email],[salary],[phone_no],[NIF],[schedule],[store]) VALUES(12007,'Alika N. Baldwin','Ap #270-3314 Iaculis, Rd.','libero@egestasadui.org',907,'(+351) 934558784','788963219',' 08004','01001');
INSERT INTO  arcade.Employee([emp_no],[emp_name],[emp_address],[email],[salary],[phone_no],[NIF],[schedule],[store]) VALUES(12008,'Sylvia F. Ortiz','2839 Mauris St.','sem@vitae.ca',1458,'(+351) 920598080','969621015',' 08005','01000');
INSERT INTO  arcade.Employee([emp_no],[emp_name],[emp_address],[email],[salary],[phone_no],[NIF],[schedule],[store]) VALUES(12009,'Kay N. Burris','595-829 Torquent Street','velit.Sed.malesuada@nequetellus.co.uk',859,'(+351) 914370147','115576100',' 08005','01000');
INSERT INTO  arcade.Employee([emp_no],[emp_name],[emp_address],[email],[salary],[phone_no],[NIF],[schedule],[store]) VALUES(12010,'Shafira D. Roberts','Ap #394-4826 Arcu St.','a.auctor.non@risus.co.uk',1413,'(+351) 944543604','782981013',' 08006','01000');
INSERT INTO  arcade.Employee([emp_no],[emp_name],[emp_address],[email],[salary],[phone_no],[NIF],[schedule],[store]) VALUES(12011,'Acton I. Macdonald','Ap #120-9361 Phasellus Avenue','augue.porttitor.interdum@elitpellentesque.edu',1229,'(+351) 993610796','485368428',' 08006','01003');
INSERT INTO  arcade.Employee([emp_no],[emp_name],[emp_address],[email],[salary],[phone_no],[NIF],[schedule],[store]) VALUES(12012,'Beck Boone','594-4120 Elit. Road','vulputate.posuere.vulputate@vulputatevelit.ca',1369,'(+351) 975327458','881451846',' 08007','01002');
INSERT INTO  arcade.Employee([emp_no],[emp_name],[emp_address],[email],[salary],[phone_no],[NIF],[schedule],[store]) VALUES(12013,'Alan O. Alston','P.O. Box 775, 5699 Eget Street','Quisque.varius@interdumfeugiatSed.net',1257,'(+351) 977636129','207101169',' 08007','01003');
INSERT INTO  arcade.Employee([emp_no],[emp_name],[emp_address],[email],[salary],[phone_no],[NIF],[schedule],[store]) VALUES(12014,'Rama Weaver','565-7138 Malesuada Street','lectus@torquentperconubia.org',1265,'(+351) 987687711','148536013',' 08001','01003');
INSERT INTO  arcade.Employee([emp_no],[emp_name],[emp_address],[email],[salary],[phone_no],[NIF],[schedule],[store]) VALUES(12015,'Lee U. Melendez','P.O. Box 895, 2086 Magna. Rd.','sit.amet.ante@Pellentesque.ca',1452,'(+351) 959231038','026625226',' 08001','01002');
INSERT INTO  arcade.Employee([emp_no],[emp_name],[emp_address],[email],[salary],[phone_no],[NIF],[schedule],[store]) VALUES(12016,'Autumn Y. Meyer','Ap #303-7153 Luctus Street','malesuada@Crassed.net',1231,'(+351) 949733160','264064926',' 08001','01001');
INSERT INTO  arcade.Employee([emp_no],[emp_name],[emp_address],[email],[salary],[phone_no],[NIF],[schedule],[store]) VALUES(12017,'Roary V. Santana','1805 Dis St.','risus@egestasblanditNam.co.uk',902,'(+351) 976572163','746123218',' 08002','01001');
INSERT INTO  arcade.Employee([emp_no],[emp_name],[emp_address],[email],[salary],[phone_no],[NIF],[schedule],[store]) VALUES(12018,'Colt Cruz','881-5605 Vivamus Street','Phasellus.dolor.elit@nullaInteger.edu',1093,'(+351) 934688478','700622671',' 08002','01002');
INSERT INTO  arcade.Employee([emp_no],[emp_name],[emp_address],[email],[salary],[phone_no],[NIF],[schedule],[store]) VALUES(12019,'Quinn S. Calderon','P.O. Box 183, 9993 Placerat. Avenue','tempor@malesuadaiderat.edu',1367,'(+351) 922921661','364681056',' 08003','01002');
INSERT INTO  arcade.Employee([emp_no],[emp_name],[emp_address],[email],[salary],[phone_no],[NIF],[schedule],[store]) VALUES(12020,'Madaline Valencia','Ap #193-8022 Odio Road','pede.Praesent@Cras.edu',977,'(+351) 937053317','143495753',' 08006','01003');
INSERT INTO  arcade.Employee([emp_no],[emp_name],[emp_address],[email],[salary],[phone_no],[NIF],[schedule],[store]) VALUES(12021,'Callum Fuentes','Ap #259-7358 Porta Avenue','dignissim@enimSednulla.net',813,'(+351) 985355244','714201683',' 08007','01003');


--Maintained Logs
INSERT INTO  arcade.Maintained([employee],[machine_no],[time_stamp]) VALUES('12000','253212405','2005-08-18 08:42:15');
INSERT INTO  arcade.Maintained([employee],[machine_no],[time_stamp]) VALUES('12001','360965952','2020-08-28 00:37:16');
INSERT INTO  arcade.Maintained([employee],[machine_no],[time_stamp]) VALUES('12002','422888264','2010-10-06 20:51:01');
INSERT INTO  arcade.Maintained([employee],[machine_no],[time_stamp]) VALUES('12003','422888264','2005-06-26 08:12:37');
INSERT INTO  arcade.Maintained([employee],[machine_no],[time_stamp]) VALUES('12004','208263705','2006-08-19 12:02:43');
INSERT INTO  arcade.Maintained([employee],[machine_no],[time_stamp]) VALUES('12005','322613989','2007-03-02 20:00:05');
INSERT INTO  arcade.Maintained([employee],[machine_no],[time_stamp]) VALUES('12021','465604519','2011-11-12 06:47:14');
INSERT INTO  arcade.Maintained([employee],[machine_no],[time_stamp]) VALUES('12020','292077525','2016-09-21 10:25:52');
INSERT INTO  arcade.Maintained([employee],[machine_no],[time_stamp]) VALUES('12004','153153424','2011-09-03 05:27:11');
INSERT INTO  arcade.Maintained([employee],[machine_no],[time_stamp]) VALUES('12003','421281692','2003-09-22 06:46:46');
INSERT INTO  arcade.Maintained([employee],[machine_no],[time_stamp]) VALUES('12001','182466789','2013-07-02 13:53:09');
INSERT INTO  arcade.Maintained([employee],[machine_no],[time_stamp]) VALUES('12007','435497536','2021-05-23 02:32:50');
INSERT INTO  arcade.Maintained([employee],[machine_no],[time_stamp]) VALUES('12003','308786566','2021-04-21 04:41:17');
INSERT INTO  arcade.Maintained([employee],[machine_no],[time_stamp]) VALUES('12014','492927498','2009-01-20 23:29:03');
INSERT INTO  arcade.Maintained([employee],[machine_no],[time_stamp]) VALUES('12015','221052678','2012-10-05 14:25:18');
INSERT INTO  arcade.Maintained([employee],[machine_no],[time_stamp]) VALUES('12014','483813013','2021-09-15 13:52:13');
INSERT INTO  arcade.Maintained([employee],[machine_no],[time_stamp]) VALUES('12014','432817043','2009-10-07 02:34:39');
INSERT INTO  arcade.Maintained([employee],[machine_no],[time_stamp]) VALUES('12016','399445347','2022-02-17 18:21:32');
INSERT INTO  arcade.Maintained([employee],[machine_no],[time_stamp]) VALUES('12017','165629876','2014-06-28 12:43:39');
INSERT INTO  arcade.Maintained([employee],[machine_no],[time_stamp]) VALUES('12020','236830375','2015-01-16 17:11:11');
INSERT INTO  arcade.Maintained([employee],[machine_no],[time_stamp]) VALUES('12021','353984426','2018-04-14 22:27:49');
INSERT INTO  arcade.Maintained([employee],[machine_no],[time_stamp]) VALUES('12022','424465273','2007-01-19 20:48:21');
INSERT INTO  arcade.Maintained([employee],[machine_no],[time_stamp]) VALUES('12020','111429151','2016-08-11 11:02:37');
INSERT INTO  arcade.Maintained([employee],[machine_no],[time_stamp]) VALUES('12018','335544551','2016-03-06 05:31:18');
INSERT INTO  arcade.Maintained([employee],[machine_no],[time_stamp]) VALUES('12018','283246237','2009-07-01 12:28:38');
INSERT INTO  arcade.Maintained([employee],[machine_no],[time_stamp]) VALUES('12018','498051513','2020-12-30 04:59:17');
INSERT INTO  arcade.Maintained([employee],[machine_no],[time_stamp]) VALUES('12014','113184899','2011-07-25 14:45:33');
INSERT INTO  arcade.Maintained([employee],[machine_no],[time_stamp]) VALUES('12014','495561483','2010-11-24 19:51:00');
INSERT INTO  arcade.Maintained([employee],[machine_no],[time_stamp]) VALUES('12014','95368365','2013-12-03 12:17:25');
INSERT INTO  arcade.Maintained([employee],[machine_no],[time_stamp]) VALUES('12015','95368365','2007-01-18 04:16:11');
INSERT INTO  arcade.Maintained([employee],[machine_no],[time_stamp]) VALUES('12015','92135354','2009-04-01 02:12:00');
INSERT INTO  arcade.Maintained([employee],[machine_no],[time_stamp]) VALUES('12015','92135354','2008-05-04 19:11:31');
INSERT INTO  arcade.Maintained([employee],[machine_no],[time_stamp]) VALUES('12015','295938870','2003-08-10 15:31:57');
INSERT INTO  arcade.Maintained([employee],[machine_no],[time_stamp]) VALUES('12012','280413769','2015-08-22 20:00:07');
INSERT INTO  arcade.Maintained([employee],[machine_no],[time_stamp]) VALUES('12012','161078173','2006-05-19 00:22:21');
INSERT INTO  arcade.Maintained([employee],[machine_no],[time_stamp]) VALUES('12012','389985358','2007-02-02 22:29:53');
INSERT INTO  arcade.Maintained([employee],[machine_no],[time_stamp]) VALUES('12000','299218440','2018-10-20 00:27:17');
INSERT INTO  arcade.Maintained([employee],[machine_no],[time_stamp]) VALUES('12000','97309502','2004-08-29 13:07:40');
INSERT INTO  arcade.Maintained([employee],[machine_no],[time_stamp]) VALUES('12000','97309502','2016-04-13 16:55:50');
INSERT INTO  arcade.Maintained([employee],[machine_no],[time_stamp]) VALUES('12001','315500456','2009-08-16 17:37:59');
INSERT INTO  arcade.Maintained([employee],[machine_no],[time_stamp]) VALUES('12001','320349665','2007-03-12 21:29:58');
INSERT INTO  arcade.Maintained([employee],[machine_no],[time_stamp]) VALUES('12001','277852054','2018-05-19 20:19:26');
INSERT INTO  arcade.Maintained([employee],[machine_no],[time_stamp]) VALUES('12001','456365008','2003-12-24 05:54:09');
INSERT INTO  arcade.Maintained([employee],[machine_no],[time_stamp]) VALUES('12002','306836027','2008-02-29 17:34:18');
INSERT INTO  arcade.Maintained([employee],[machine_no],[time_stamp]) VALUES('12002','427757008','2017-12-19 16:45:50');
INSERT INTO  arcade.Maintained([employee],[machine_no],[time_stamp]) VALUES('12002','239183217','2005-07-03 11:06:42');
INSERT INTO  arcade.Maintained([employee],[machine_no],[time_stamp]) VALUES('12002','109463639','2022-03-28 21:49:29');
INSERT INTO  arcade.Maintained([employee],[machine_no],[time_stamp]) VALUES('12003','417341091','2005-12-30 19:48:19');
INSERT INTO  arcade.Maintained([employee],[machine_no],[time_stamp]) VALUES('12003','128170507','2017-09-12 13:00:30');
INSERT INTO  arcade.Maintained([employee],[machine_no],[time_stamp]) VALUES('12003','343137819','2011-02-19 12:44:24');
INSERT INTO  arcade.Maintained([employee],[machine_no],[time_stamp]) VALUES('12003','118546459','2019-08-24 05:10:46');
INSERT INTO  arcade.Maintained([employee],[machine_no],[time_stamp]) VALUES('12004','118546459','2008-11-17 12:18:51');
INSERT INTO  arcade.Maintained([employee],[machine_no],[time_stamp]) VALUES('12004','457461479','2012-04-15 01:10:24');
INSERT INTO  arcade.Maintained([employee],[machine_no],[time_stamp]) VALUES('12004','457461479','2014-03-27 16:54:01');
INSERT INTO  arcade.Maintained([employee],[machine_no],[time_stamp]) VALUES('12004','211243292','2019-09-23 01:06:53');
INSERT INTO  arcade.Maintained([employee],[machine_no],[time_stamp]) VALUES('12007','211243292','2007-12-20 01:36:57');
INSERT INTO  arcade.Maintained([employee],[machine_no],[time_stamp]) VALUES('12007','315500456','2017-12-11 17:02:35');
INSERT INTO  arcade.Maintained([employee],[machine_no],[time_stamp]) VALUES('12007','315500456','2018-01-13 11:00:15');
INSERT INTO  arcade.Maintained([employee],[machine_no],[time_stamp]) VALUES('12007','95368365','2011-10-01 15:49:07');
INSERT INTO  arcade.Maintained([employee],[machine_no],[time_stamp]) VALUES('12007','95368365','2009-11-14 11:49:31');
INSERT INTO  arcade.Maintained([employee],[machine_no],[time_stamp]) VALUES('12007','188419737','2014-05-13 22:45:38');
INSERT INTO  arcade.Maintained([employee],[machine_no],[time_stamp]) VALUES('12005','188419737','2011-12-23 06:24:57');
INSERT INTO  arcade.Maintained([employee],[machine_no],[time_stamp]) VALUES('12005','188419737','2015-02-18 05:37:28');
INSERT INTO  arcade.Maintained([employee],[machine_no],[time_stamp]) VALUES('12005','188419737','2012-07-01 00:21:26');
INSERT INTO  arcade.Maintained([employee],[machine_no],[time_stamp]) VALUES('12005','188419737','2020-11-18 20:14:46');
INSERT INTO  arcade.Maintained([employee],[machine_no],[time_stamp]) VALUES('12005','188419737','2013-01-14 23:43:53');
INSERT INTO  arcade.Maintained([employee],[machine_no],[time_stamp]) VALUES('12005','188419737','2006-06-05 07:46:15');
INSERT INTO  arcade.Maintained([employee],[machine_no],[time_stamp]) VALUES('12006','188419737','2008-08-25 14:29:52');
INSERT INTO  arcade.Maintained([employee],[machine_no],[time_stamp]) VALUES('12006','174623275','2022-01-20 22:35:30');
INSERT INTO  arcade.Maintained([employee],[machine_no],[time_stamp]) VALUES('12006','174623275','2020-03-11 19:38:24');
INSERT INTO  arcade.Maintained([employee],[machine_no],[time_stamp]) VALUES('12006','174623275','2007-03-17 17:29:55');
INSERT INTO  arcade.Maintained([employee],[machine_no],[time_stamp]) VALUES('12006','174623275','2021-04-02 00:54:10');
INSERT INTO  arcade.Maintained([employee],[machine_no],[time_stamp]) VALUES('12007','174623275','2006-01-09 15:20:02');
INSERT INTO  arcade.Maintained([employee],[machine_no],[time_stamp]) VALUES('12007','174623275','2019-03-18 12:39:43');
INSERT INTO  arcade.Maintained([employee],[machine_no],[time_stamp]) VALUES('12007','174623275','2004-01-07 07:47:48');
INSERT INTO  arcade.Maintained([employee],[machine_no],[time_stamp]) VALUES('12007','174623275','2002-05-02 21:59:06');
INSERT INTO  arcade.Maintained([employee],[machine_no],[time_stamp]) VALUES('12008','174623275','2011-11-03 23:14:37');
INSERT INTO  arcade.Maintained([employee],[machine_no],[time_stamp]) VALUES('12008','174623275','2013-04-11 20:36:08');
INSERT INTO  arcade.Maintained([employee],[machine_no],[time_stamp]) VALUES('12008','174623275','2007-05-14 14:21:22');
INSERT INTO  arcade.Maintained([employee],[machine_no],[time_stamp]) VALUES('12008','174623275','2019-09-12 10:55:12');
INSERT INTO  arcade.Maintained([employee],[machine_no],[time_stamp]) VALUES('12008','398017351','2009-01-21 04:58:51');
INSERT INTO  arcade.Maintained([employee],[machine_no],[time_stamp]) VALUES('12008','398017351','2021-08-23 07:43:59');
INSERT INTO  arcade.Maintained([employee],[machine_no],[time_stamp]) VALUES('12009','398017351','2022-02-02 22:01:39');
INSERT INTO  arcade.Maintained([employee],[machine_no],[time_stamp]) VALUES('12009','398017351','2019-11-12 07:45:59');
INSERT INTO  arcade.Maintained([employee],[machine_no],[time_stamp]) VALUES('12009','398017351','2011-10-17 07:56:39');
INSERT INTO  arcade.Maintained([employee],[machine_no],[time_stamp]) VALUES('12009','215164872','2016-03-14 13:51:14');
INSERT INTO  arcade.Maintained([employee],[machine_no],[time_stamp]) VALUES('12009','215164872','2011-06-30 21:55:40');
INSERT INTO  arcade.Maintained([employee],[machine_no],[time_stamp]) VALUES('12009','215164872','2005-11-06 05:09:39');
INSERT INTO  arcade.Maintained([employee],[machine_no],[time_stamp]) VALUES('12010','215164872','2020-02-28 00:09:54');
INSERT INTO  arcade.Maintained([employee],[machine_no],[time_stamp]) VALUES('12010','115946588','2005-07-02 10:20:09');
INSERT INTO  arcade.Maintained([employee],[machine_no],[time_stamp]) VALUES('12010','115946588','2013-10-22 01:16:46');
INSERT INTO  arcade.Maintained([employee],[machine_no],[time_stamp]) VALUES('12010','115946588','2013-12-26 18:26:10');
INSERT INTO  arcade.Maintained([employee],[machine_no],[time_stamp]) VALUES('12010','115946588','2005-03-03 21:47:14');
INSERT INTO  arcade.Maintained([employee],[machine_no],[time_stamp]) VALUES('12011','115946588','2014-11-04 07:54:13');
INSERT INTO  arcade.Maintained([employee],[machine_no],[time_stamp]) VALUES('12011','115946588','2010-12-25 07:48:01');
INSERT INTO  arcade.Maintained([employee],[machine_no],[time_stamp]) VALUES('12011','115946588','2015-01-28 13:24:19');
INSERT INTO  arcade.Maintained([employee],[machine_no],[time_stamp]) VALUES('12011','409665197','2004-02-28 11:02:53');
INSERT INTO  arcade.Maintained([employee],[machine_no],[time_stamp]) VALUES('12011','409665197','2021-02-08 22:39:52');
INSERT INTO  arcade.Maintained([employee],[machine_no],[time_stamp]) VALUES('12011','283722419','2019-12-30 09:40:17');
INSERT INTO  arcade.Maintained([employee],[machine_no],[time_stamp]) VALUES('12013','455970625','2017-12-18 05:51:38');

--ToppedUp arcade.

INSERT INTO  arcade.ToppedUp([op_id],[employee],[client],[cost],[time_stamp],[credits]) VALUES(150,'12015','06005','0.50','2021-10-05 04:27:24','1');
INSERT INTO  arcade.ToppedUp([op_id],[employee],[client],[cost],[time_stamp],[credits]) VALUES(151,'12015','06005','0.50','2021-06-15 06:58:49','1');
INSERT INTO  arcade.ToppedUp([op_id],[employee],[client],[cost],[time_stamp],[credits]) VALUES(152,'12015','06005','1','2021-01-25 13:16:31','2');
INSERT INTO  arcade.ToppedUp([op_id],[employee],[client],[cost],[time_stamp],[credits]) VALUES(153,'12015','06005','1','2022-04-23 09:05:48','2');
INSERT INTO  arcade.ToppedUp([op_id],[employee],[client],[cost],[time_stamp],[credits]) VALUES(154,'12015','06006','1.50','2021-04-27 14:04:53','3');
INSERT INTO  arcade.ToppedUp([op_id],[employee],[client],[cost],[time_stamp],[credits]) VALUES(155,'12016','06006','1.50','2020-08-01 21:24:33','3');
INSERT INTO  arcade.ToppedUp([op_id],[employee],[client],[cost],[time_stamp],[credits]) VALUES(156,'12016','06003','2','2020-11-08 11:45:43','4');
INSERT INTO  arcade.ToppedUp([op_id],[employee],[client],[cost],[time_stamp],[credits]) VALUES(157,'12016','06003','2','2020-10-29 12:13:52','4');
INSERT INTO  arcade.ToppedUp([op_id],[employee],[client],[cost],[time_stamp],[credits]) VALUES(158,'12016','06003','2.50','2021-08-03 22:52:57','5');
INSERT INTO  arcade.ToppedUp([op_id],[employee],[client],[cost],[time_stamp],[credits]) VALUES(159,'12001','06004','2.50','2021-06-11 02:56:16','5');
INSERT INTO  arcade.ToppedUp([op_id],[employee],[client],[cost],[time_stamp],[credits]) VALUES(1510,'12001','06004','5','2021-03-11 21:40:46','10');
INSERT INTO  arcade.ToppedUp([op_id],[employee],[client],[cost],[time_stamp],[credits]) VALUES(1511,'12001','06004','5','2022-01-10 11:08:17','10');
INSERT INTO  arcade.ToppedUp([op_id],[employee],[client],[cost],[time_stamp],[credits]) VALUES(1512,'12001','06002','7.50','2020-07-10 19:37:46','15');
INSERT INTO  arcade.ToppedUp([op_id],[employee],[client],[cost],[time_stamp],[credits]) VALUES(1513,'12002','06002','7.50','2021-06-03 08:53:35','15');
INSERT INTO  arcade.ToppedUp([op_id],[employee],[client],[cost],[time_stamp],[credits]) VALUES(1514,'12002','06002','10','2021-05-27 16:50:25','20');
INSERT INTO  arcade.ToppedUp([op_id],[employee],[client],[cost],[time_stamp],[credits]) VALUES(1515,'12002','06005','10','2020-05-31 07:26:48','20');
INSERT INTO  arcade.ToppedUp([op_id],[employee],[client],[cost],[time_stamp],[credits]) VALUES(1516,'12022','06005','25','2021-02-22 04:07:22','50');
INSERT INTO  arcade.ToppedUp([op_id],[employee],[client],[cost],[time_stamp],[credits]) VALUES(1517,'12022','06005','25','2020-12-16 18:12:15','50');
INSERT INTO  arcade.ToppedUp([op_id],[employee],[client],[cost],[time_stamp],[credits]) VALUES(1518,'12022','06003','0.50','2022-02-22 00:58:34','1');
INSERT INTO  arcade.ToppedUp([op_id],[employee],[client],[cost],[time_stamp],[credits]) VALUES(1519,'12022','06003','0.50','2020-07-05 20:17:13','1');
INSERT INTO  arcade.ToppedUp([op_id],[employee],[client],[cost],[time_stamp],[credits]) VALUES(1520,'12020','06003','1','2021-06-11 20:45:52','2');
INSERT INTO  arcade.ToppedUp([op_id],[employee],[client],[cost],[time_stamp],[credits]) VALUES(1521,'12020','06003','1','2020-11-28 11:43:00','2');
INSERT INTO  arcade.ToppedUp([op_id],[employee],[client],[cost],[time_stamp],[credits]) VALUES(1522,'12020','06007','1.50','2021-04-01 16:38:21','3');
INSERT INTO  arcade.ToppedUp([op_id],[employee],[client],[cost],[time_stamp],[credits]) VALUES(1523,'12020','06007','1.50','2021-07-09 17:07:37','3');
INSERT INTO  arcade.ToppedUp([op_id],[employee],[client],[cost],[time_stamp],[credits]) VALUES(1524,'12020','06007','2','2021-02-28 04:59:09','4');
INSERT INTO  arcade.ToppedUp([op_id],[employee],[client],[cost],[time_stamp],[credits]) VALUES(1525,'12020','06007','2','2021-12-28 14:59:53','4');
INSERT INTO  arcade.ToppedUp([op_id],[employee],[client],[cost],[time_stamp],[credits]) VALUES(1526,'12020','06007','2.50','2020-10-25 17:31:04','5');
INSERT INTO  arcade.ToppedUp([op_id],[employee],[client],[cost],[time_stamp],[credits]) VALUES(1527,'12021','06008','2.50','2021-12-16 07:42:41','5');
INSERT INTO  arcade.ToppedUp([op_id],[employee],[client],[cost],[time_stamp],[credits]) VALUES(1528,'12021','06008','5','2020-07-29 12:06:17','10');
INSERT INTO  arcade.ToppedUp([op_id],[employee],[client],[cost],[time_stamp],[credits]) VALUES(1529,'12021','06008','5','2021-11-03 08:08:16','10');
INSERT INTO  arcade.ToppedUp([op_id],[employee],[client],[cost],[time_stamp],[credits]) VALUES(1530,'12021','06008','7.50','2021-01-31 20:31:23','15');
INSERT INTO  arcade.ToppedUp([op_id],[employee],[client],[cost],[time_stamp],[credits]) VALUES(1531,'12021','06008','7.50','2022-05-14 00:33:47','15');
INSERT INTO  arcade.ToppedUp([op_id],[employee],[client],[cost],[time_stamp],[credits]) VALUES(1532,'12020','06008','10','2020-12-12 14:46:55','20');
INSERT INTO  arcade.ToppedUp([op_id],[employee],[client],[cost],[time_stamp],[credits]) VALUES(1533,'12020','06009','10','2021-10-12 19:07:25','20');
INSERT INTO  arcade.ToppedUp([op_id],[employee],[client],[cost],[time_stamp],[credits]) VALUES(1534,'12020','06009','25','2020-07-08 11:06:11','50');
INSERT INTO  arcade.ToppedUp([op_id],[employee],[client],[cost],[time_stamp],[credits]) VALUES(1535,'12020','06009','25','2021-11-16 08:08:04','50');
INSERT INTO  arcade.ToppedUp([op_id],[employee],[client],[cost],[time_stamp],[credits]) VALUES(1536,'12020','06009','0.50','2021-05-13 10:46:39','1');
INSERT INTO  arcade.ToppedUp([op_id],[employee],[client],[cost],[time_stamp],[credits]) VALUES(1537,'12019','06009','0.50','2022-04-03 12:19:18','1');
INSERT INTO  arcade.ToppedUp([op_id],[employee],[client],[cost],[time_stamp],[credits]) VALUES(1538,'12019','06009','1','2022-02-13 19:37:53','2');
INSERT INTO  arcade.ToppedUp([op_id],[employee],[client],[cost],[time_stamp],[credits]) VALUES(1539,'12019','06010','1','2020-06-22 14:59:54','2');
INSERT INTO  arcade.ToppedUp([op_id],[employee],[client],[cost],[time_stamp],[credits]) VALUES(1540,'12019','06010','1.50','2021-08-21 12:13:54','3');
INSERT INTO  arcade.ToppedUp([op_id],[employee],[client],[cost],[time_stamp],[credits]) VALUES(1541,'12019','06010','1.50','2020-10-17 07:51:17','3');
INSERT INTO  arcade.ToppedUp([op_id],[employee],[client],[cost],[time_stamp],[credits]) VALUES(1542,'12018','06010','2','2021-03-10 07:00:05','4');
INSERT INTO  arcade.ToppedUp([op_id],[employee],[client],[cost],[time_stamp],[credits]) VALUES(1543,'12018','06010','2','2020-10-18 21:01:06','4');
INSERT INTO  arcade.ToppedUp([op_id],[employee],[client],[cost],[time_stamp],[credits]) VALUES(1544,'12014','06001','2.50','2022-02-06 21:45:49','5');
INSERT INTO  arcade.ToppedUp([op_id],[employee],[client],[cost],[time_stamp],[credits]) VALUES(1545,'12004','06001','2.50','2021-02-01 22:48:35','5');
INSERT INTO  arcade.ToppedUp([op_id],[employee],[client],[cost],[time_stamp],[credits]) VALUES(1546,'12004','06001','5','2021-03-26 02:32:46','10');
INSERT INTO  arcade.ToppedUp([op_id],[employee],[client],[cost],[time_stamp],[credits]) VALUES(1547,'12004','06001','5','2021-12-09 08:08:42','10');
INSERT INTO  arcade.ToppedUp([op_id],[employee],[client],[cost],[time_stamp],[credits]) VALUES(1548,'12005','06001','7.50','2021-05-14 11:10:54','15');
INSERT INTO  arcade.ToppedUp([op_id],[employee],[client],[cost],[time_stamp],[credits]) VALUES(1549,'12005','06004','7.50','2021-01-10 22:54:20','15');
INSERT INTO  arcade.ToppedUp([op_id],[employee],[client],[cost],[time_stamp],[credits]) VALUES(1550,'12005','06004','10','2020-08-26 01:59:40','20');
INSERT INTO  arcade.ToppedUp([op_id],[employee],[client],[cost],[time_stamp],[credits]) VALUES(1551,'12007','06004','10','2021-12-13 14:23:41','20');
INSERT INTO  arcade.ToppedUp([op_id],[employee],[client],[cost],[time_stamp],[credits]) VALUES(1552,'12007','06004','25','2020-08-02 04:48:37','50');
INSERT INTO  arcade.ToppedUp([op_id],[employee],[client],[cost],[time_stamp],[credits]) VALUES(1553,'12007','06003','25','2020-11-13 09:58:54','50');
INSERT INTO  arcade.ToppedUp([op_id],[employee],[client],[cost],[time_stamp],[credits]) VALUES(1554,'12009','06003','0.50','2022-03-03 13:52:15','1');
INSERT INTO  arcade.ToppedUp([op_id],[employee],[client],[cost],[time_stamp],[credits]) VALUES(1555,'12009','06003','0.50','2021-09-19 21:28:13','1');
INSERT INTO  arcade.ToppedUp([op_id],[employee],[client],[cost],[time_stamp],[credits]) VALUES(1556,'12019','06003','1','2021-12-19 19:26:51','2');
INSERT INTO  arcade.ToppedUp([op_id],[employee],[client],[cost],[time_stamp],[credits]) VALUES(1557,'12019','06003','1','2021-03-10 21:19:58','2');
INSERT INTO  arcade.ToppedUp([op_id],[employee],[client],[cost],[time_stamp],[credits]) VALUES(1558,'12019','06003','1.50','2022-04-05 06:24:14','3');
INSERT INTO  arcade.ToppedUp([op_id],[employee],[client],[cost],[time_stamp],[credits]) VALUES(1559,'12019','06002','1.50','2020-10-23 12:55:04','3');
INSERT INTO  arcade.ToppedUp([op_id],[employee],[client],[cost],[time_stamp],[credits]) VALUES(1560,'12016','06002','2','2021-04-18 23:41:53','4');
INSERT INTO  arcade.ToppedUp([op_id],[employee],[client],[cost],[time_stamp],[credits]) VALUES(1561,'12016','06002','2','2021-01-01 18:39:51','4');
INSERT INTO  arcade.ToppedUp([op_id],[employee],[client],[cost],[time_stamp],[credits]) VALUES(1562,'12016','06002','2.50','2020-11-03 12:04:15','5');
INSERT INTO  arcade.ToppedUp([op_id],[employee],[client],[cost],[time_stamp],[credits]) VALUES(1563,'12016','06002','2.50','2021-02-04 10:21:49','5');
INSERT INTO  arcade.ToppedUp([op_id],[employee],[client],[cost],[time_stamp],[credits]) VALUES(1564,'12016','06007','5','2020-07-23 08:15:40','10');
INSERT INTO  arcade.ToppedUp([op_id],[employee],[client],[cost],[time_stamp],[credits]) VALUES(1565,'12017','06007','5','2021-04-11 12:37:29','10');
INSERT INTO  arcade.ToppedUp([op_id],[employee],[client],[cost],[time_stamp],[credits]) VALUES(1566,'12017','06007','7.50','2021-04-26 00:53:38','15');
INSERT INTO  arcade.ToppedUp([op_id],[employee],[client],[cost],[time_stamp],[credits]) VALUES(1567,'12017','06007','7.50','2021-09-07 00:48:37','15');
INSERT INTO  arcade.ToppedUp([op_id],[employee],[client],[cost],[time_stamp],[credits]) VALUES(1568,'12017','06007','10','2021-04-04 03:18:49','20');
INSERT INTO  arcade.ToppedUp([op_id],[employee],[client],[cost],[time_stamp],[credits]) VALUES(1569,'12017','06008','10','2020-09-28 06:08:51','20');
INSERT INTO  arcade.ToppedUp([op_id],[employee],[client],[cost],[time_stamp],[credits]) VALUES(1570,'12017','06008','25','2021-10-09 20:34:49','50');
INSERT INTO  arcade.ToppedUp([op_id],[employee],[client],[cost],[time_stamp],[credits]) VALUES(1571,'12014','06008','25','2021-01-12 19:18:04','50');
INSERT INTO  arcade.ToppedUp([op_id],[employee],[client],[cost],[time_stamp],[credits]) VALUES(1572,'12014','06008','0.50','2020-08-04 03:30:21','1');
INSERT INTO  arcade.ToppedUp([op_id],[employee],[client],[cost],[time_stamp],[credits]) VALUES(1573,'12014','06008','0.50','2021-11-15 13:17:11','1');
INSERT INTO  arcade.ToppedUp([op_id],[employee],[client],[cost],[time_stamp],[credits]) VALUES(1574,'12014','06004','1','2021-06-28 13:53:32','2');
INSERT INTO  arcade.ToppedUp([op_id],[employee],[client],[cost],[time_stamp],[credits]) VALUES(1575,'12012','06004','1','2020-08-28 21:31:58','2');
INSERT INTO  arcade.ToppedUp([op_id],[employee],[client],[cost],[time_stamp],[credits]) VALUES(1576,'12012','06010','1.50','2020-06-05 02:14:50','3');
INSERT INTO  arcade.ToppedUp([op_id],[employee],[client],[cost],[time_stamp],[credits]) VALUES(1577,'12012','06005','1.50','2021-01-19 23:26:49','3');
INSERT INTO  arcade.ToppedUp([op_id],[employee],[client],[cost],[time_stamp],[credits]) VALUES(1578,'12012','06005','2','2021-07-30 05:12:46','4');
INSERT INTO  arcade.ToppedUp([op_id],[employee],[client],[cost],[time_stamp],[credits]) VALUES(1579,'12011','06007','2','2021-07-16 14:00:41','4');
INSERT INTO  arcade.ToppedUp([op_id],[employee],[client],[cost],[time_stamp],[credits]) VALUES(1580,'12011','06007','2.50','2021-10-09 04:10:09','5');
INSERT INTO  arcade.ToppedUp([op_id],[employee],[client],[cost],[time_stamp],[credits]) VALUES(1581,'12011','06007','2.50','2021-06-20 01:41:33','5');
INSERT INTO  arcade.ToppedUp([op_id],[employee],[client],[cost],[time_stamp],[credits]) VALUES(1582,'12011','06007','5','2021-11-09 10:50:31','10');
INSERT INTO  arcade.ToppedUp([op_id],[employee],[client],[cost],[time_stamp],[credits]) VALUES(1583,'12011','06008','5','2021-01-03 07:05:42','10');
INSERT INTO  arcade.ToppedUp([op_id],[employee],[client],[cost],[time_stamp],[credits]) VALUES(1584,'12011','06005','7.50','2020-12-01 10:03:19','15');
INSERT INTO  arcade.ToppedUp([op_id],[employee],[client],[cost],[time_stamp],[credits]) VALUES(1585,'12015','06004','7.50','2021-10-02 16:29:43','15');
INSERT INTO  arcade.ToppedUp([op_id],[employee],[client],[cost],[time_stamp],[credits]) VALUES(1586,'12015','06002','10','2020-07-07 12:57:36','20');
INSERT INTO  arcade.ToppedUp([op_id],[employee],[client],[cost],[time_stamp],[credits]) VALUES(1587,'12015','06006','10','2020-11-21 19:32:18','20');
INSERT INTO  arcade.ToppedUp([op_id],[employee],[client],[cost],[time_stamp],[credits]) VALUES(1588,'12015','06001','25','2021-06-01 00:08:16','50');
INSERT INTO  arcade.ToppedUp([op_id],[employee],[client],[cost],[time_stamp],[credits]) VALUES(1589,'12017','06006','25','2021-11-13 22:56:26','50');
INSERT INTO  arcade.ToppedUp([op_id],[employee],[client],[cost],[time_stamp],[credits]) VALUES(1590,'12013','06010','0.50','2021-03-18 11:13:59','1');
INSERT INTO  arcade.ToppedUp([op_id],[employee],[client],[cost],[time_stamp],[credits]) VALUES(1591,'12000','06010','0.50','2021-01-20 08:00:11','1');
INSERT INTO  arcade.ToppedUp([op_id],[employee],[client],[cost],[time_stamp],[credits]) VALUES(1592,'12002','06004','1','2021-10-05 14:54:30','2');
INSERT INTO  arcade.ToppedUp([op_id],[employee],[client],[cost],[time_stamp],[credits]) VALUES(1593,'12002','06006','1','2020-07-23 13:25:28','2');
INSERT INTO  arcade.ToppedUp([op_id],[employee],[client],[cost],[time_stamp],[credits]) VALUES(1594,'12002','06008','1.50','2022-05-10 06:50:55','3');
INSERT INTO  arcade.ToppedUp([op_id],[employee],[client],[cost],[time_stamp],[credits]) VALUES(1595,'12002','06000','1.50','2022-01-30 04:47:01','3');
INSERT INTO  arcade.ToppedUp([op_id],[employee],[client],[cost],[time_stamp],[credits]) VALUES(1596,'12002','06002','2','2021-06-24 20:07:17','4');
INSERT INTO  arcade.ToppedUp([op_id],[employee],[client],[cost],[time_stamp],[credits]) VALUES(1597,'12002','06002','2','2021-07-07 11:50:59','4');
INSERT INTO  arcade.ToppedUp([op_id],[employee],[client],[cost],[time_stamp],[credits]) VALUES(1598,'12002','06010','2.50','2021-12-18 19:02:08','5');
INSERT INTO  arcade.ToppedUp([op_id],[employee],[client],[cost],[time_stamp],[credits]) VALUES(1599,'12002','06010','2.50','2021-05-07 12:46:30','5')