INSERT INTO arcade.Supplier ([NIF],[email],[phone_no],[sup_address],[sup_name]) VALUES ('125076882','et@accumsanlaoreetipsum.net','549320730','8266 Suspendisse St.','Sit Ltd');
INSERT INTO arcade.Supplier ([NIF],[email],[phone_no],[sup_address],[sup_name]) VALUES ('439365663','sem@faucibusMorbi.net','927376061','8339 Aliquam Road','Faucibus Ut Nulla Limited');
INSERT INTO arcade.Supplier ([NIF],[email],[phone_no],[sup_address],[sup_name]) VALUES ('393823584','pede.Praesent@dignissim.ca','324394445','P.O. Box 612, 6593 Tincidunt St.','Nascetur LLC');
INSERT INTO arcade.Supplier ([NIF],[email],[phone_no],[sup_address],[sup_name]) VALUES ('126091548','non.ante.bibendum@mollis.org','341806742','P.O. Box 860, 3542 In, St.','Ac Mattis Ornare Limited');
INSERT INTO arcade.Supplier ([NIF],[email],[phone_no],[sup_address],[sup_name]) VALUES ('110135969','lectus@anteiaculis.com','216045983','476-8094 Dui. St.','Sollicitudin Orci Sem PC');
INSERT INTO arcade.Supplier ([NIF],[email],[phone_no],[sup_address],[sup_name]) VALUES ('394782747','volutpat@pharetra.org','127351502','P.O. Box 508, 1779 Mollis Street','Ante Lectus Ltd');
INSERT INTO arcade.Supplier ([NIF],[email],[phone_no],[sup_address],[sup_name]) VALUES ('266480856','interdum.ligula@acrisus.edu','431190846','2912 Pellentesque Av.','Nonummy Inc.');
INSERT INTO arcade.Supplier ([NIF],[email],[phone_no],[sup_address],[sup_name]) VALUES ('325268594','faucibus.leo@sapienimperdiet.org','167602298','P.O. Box 763, 216 Sem Street','Id Blandit Corp.');
INSERT INTO arcade.Supplier ([NIF],[email],[phone_no],[sup_address],[sup_name]) VALUES ('138323702','accumsan@miac.com','949401351','5794 Lacus. Street','Cum Sociis Ltd');
INSERT INTO arcade.Supplier ([NIF],[email],[phone_no],[sup_address],[sup_name]) VALUES ('246286056','montes@Mauris.org','675849370','512-5982 A, Avenue','Eget Dictum LLP');

alter table arcade.Supplier alter column email varchar(50)

select * from arcade.Supplier

--===================

INSERT INTO arcade.Publisher([pub_id],[pub_name],[pub_location],[is_indie]) VALUES(03001,'Nintendo','562-8762 Arcu. Ave',1);
INSERT INTO arcade.Publisher([pub_id],[pub_name],[pub_location],[is_indie]) VALUES(03002,'Ubisoft','Ap #467-5307 Ornare, St.',0);
INSERT INTO arcade.Publisher([pub_id],[pub_name],[pub_location],[is_indie]) VALUES(03003,'Sony Interactive Entertainment','Ap #325-6247 Ipsum Rd.',1);
INSERT INTO arcade.Publisher([pub_id],[pub_name],[pub_location],[is_indie]) VALUES(03004,'Gearbox Inc.','P.O. Box 841, 729 Vestibulum Road',0);
INSERT INTO arcade.Publisher([pub_id],[pub_name],[pub_location],[is_indie]) VALUES(03005,'Bethesda Softworks','Ap #199-1713 Nunc Street',1);
INSERT INTO arcade.Publisher([pub_id],[pub_name],[pub_location],[is_indie]) VALUES(03006,'Devolver Digital','P.O. Box 256, 7292 Sit St.',0);
INSERT INTO arcade.Publisher([pub_id],[pub_name],[pub_location],[is_indie]) VALUES(03007,'Capcom','6208 Dignissim. St.',0);
INSERT INTO arcade.Publisher([pub_id],[pub_name],[pub_location],[is_indie]) VALUES(03008,'Activision','P.O. Box 713, 4265 Quis Ave',0);
INSERT INTO arcade.Publisher([pub_id],[pub_name],[pub_location],[is_indie]) VALUES(03009,'SEGA','540-8609 Auctor St.',0);
INSERT INTO arcade.Publisher([pub_id],[pub_name],[pub_location],[is_indie]) VALUES(03010,'Arc System Works','P.O. Box 900, 7538 Tincidunt, Rd.',1);
INSERT INTO arcade.Publisher([pub_id],[pub_name],[pub_location],[is_indie]) VALUES(03011,'Bandai Namco','Ap #832-5574 Lorem St.',0);
INSERT INTO arcade.Publisher([pub_id],[pub_name],[pub_location],[is_indie]) VALUES(03012,'Konami','Ap #455-4721 Proin Avenue',1);
INSERT INTO arcade.Publisher([pub_id],[pub_name],[pub_location],[is_indie]) VALUES(03013,'Koei Tecmo','Ap #364-9669 Nam Road',0);
INSERT INTO arcade.Publisher([pub_id],[pub_name],[pub_location],[is_indie]) VALUES(03014,'SNK','P.O. Box 716, 5240 Donec Street',0);
INSERT INTO arcade.Publisher([pub_id],[pub_name],[pub_location],[is_indie]) VALUES(03015,'Square Enix','131-7022 Nulla St.',1);
INSERT INTO arcade.Publisher([pub_id],[pub_name],[pub_location],[is_indie]) VALUES(03016,'Nutting Associates','724-837 Odio. Ave',0);
INSERT INTO arcade.Publisher([pub_id],[pub_name],[pub_location],[is_indie]) VALUES(03017,'Mindscape','5967 Nunc St.',0);
INSERT INTO arcade.Publisher([pub_id],[pub_name],[pub_location],[is_indie]) VALUES(03018,'Matrix Games','P.O. Box 626, 7970 Nullam Av.',1);
INSERT INTO arcade.Publisher([pub_id],[pub_name],[pub_location],[is_indie]) VALUES(03019,'LucasArts','P.O. Box 829, 2314 Vestibulum Avenue',0);
INSERT INTO arcade.Publisher([pub_id],[pub_name],[pub_location],[is_indie]) VALUES(03020,'id Software','P.O. Box 110, 7725 Nec Street',0);




--================












INSERT INTO arcade.ArcadeMachine([serial_no],[manufacturer],[NIF],[code],[store_id]) VALUES(188419737,'Cubilia Curae; Industries'                 ,'125076882'                           ,04029,01002);
INSERT INTO arcade.ArcadeMachine([serial_no],[manufacturer],[NIF],[code],[store_id]) VALUES(174623275,'Nunc Associates'                           ,'125076882'                           ,04040,01000);
INSERT INTO arcade.ArcadeMachine([serial_no],[manufacturer],[NIF],[code],[store_id]) VALUES(398017351,'Nunc Associates'                           ,'125076882'                           ,04026,01002);
INSERT INTO arcade.ArcadeMachine([serial_no],[manufacturer],[NIF],[code],[store_id]) VALUES(215164872,'Lobortis Corporation'                      ,'125076882'                           ,04001,01003);
INSERT INTO arcade.ArcadeMachine([serial_no],[manufacturer],[NIF],[code],[store_id]) VALUES(115946588,'Interdum Libero Company'                   ,'125076882'                           ,04039,01003);
INSERT INTO arcade.ArcadeMachine([serial_no],[manufacturer],[NIF],[code],[store_id]) VALUES(409665197,'Magna LLC'                                 ,'439365663'                           ,04035,01002);
INSERT INTO arcade.ArcadeMachine([serial_no],[manufacturer],[NIF],[code],[store_id]) VALUES(283722419,'Lobortis Nisi LLP'                         ,'439365663'                           ,04004,01003);
INSERT INTO arcade.ArcadeMachine([serial_no],[manufacturer],[NIF],[code],[store_id]) VALUES(455970625,'Magna LLC'                                 ,'439365663'                           ,04003,01001);
INSERT INTO arcade.ArcadeMachine([serial_no],[manufacturer],[NIF],[code],[store_id]) VALUES(253212405,'Urna Incorporated'                         ,'439365663'                           ,04006,01001);
INSERT INTO arcade.ArcadeMachine([serial_no],[manufacturer],[NIF],[code],[store_id]) VALUES(360965952,'Nunc Associates'                           ,'439365663'                           ,04027,01002);
INSERT INTO arcade.ArcadeMachine([serial_no],[manufacturer],[NIF],[code],[store_id]) VALUES(422888264,'Pellentesque Sed Industries'               ,'439365663'                           ,04016,01002);
INSERT INTO arcade.ArcadeMachine([serial_no],[manufacturer],[NIF],[code],[store_id]) VALUES(208263705,'Quam Corp.'                                ,'439365663'                           ,04037,01000);
INSERT INTO arcade.ArcadeMachine([serial_no],[manufacturer],[NIF],[code],[store_id]) VALUES(322613989,'Non Dapibus Ltd'                           ,'393823584'                           ,04014,01000);
INSERT INTO arcade.ArcadeMachine([serial_no],[manufacturer],[NIF],[code],[store_id]) VALUES(465604519,'Vitae Semper Ltd'                          ,'393823584'                           ,04036,01003);
INSERT INTO arcade.ArcadeMachine([serial_no],[manufacturer],[NIF],[code],[store_id]) VALUES(292077525,'Tincidunt Nunc Ac Institute'               ,'393823584'                           ,04031,01003);
INSERT INTO arcade.ArcadeMachine([serial_no],[manufacturer],[NIF],[code],[store_id]) VALUES(153153424,'Pellentesque Sed Industries'               ,'393823584'                           ,04021,01002);
INSERT INTO arcade.ArcadeMachine([serial_no],[manufacturer],[NIF],[code],[store_id]) VALUES(421281692,'Magna LLC'                                 ,'393823584'                           ,04007,01003);
INSERT INTO arcade.ArcadeMachine([serial_no],[manufacturer],[NIF],[code],[store_id]) VALUES(182466789,'Tellus Faucibus Institute'                 ,'393823584'                           ,04000,01000);
INSERT INTO arcade.ArcadeMachine([serial_no],[manufacturer],[NIF],[code],[store_id]) VALUES(435497536,'Interdum Libero Company'                   ,'393823584'                           ,04005,01000);
INSERT INTO arcade.ArcadeMachine([serial_no],[manufacturer],[NIF],[code],[store_id]) VALUES(308786566,'Interdum Libero Company            '       ,'393823584'                           ,04034,01003);
INSERT INTO arcade.ArcadeMachine([serial_no],[manufacturer],[NIF],[code],[store_id]) VALUES(492927498,'Cursus Integer Mollis LLC'                 ,'393823584'                           ,04022,01001);
INSERT INTO arcade.ArcadeMachine([serial_no],[manufacturer],[NIF],[code],[store_id]) VALUES(221052678,'Arcu Morbi Sit Foundation'                 ,'126091548'                           ,04020,01000);
INSERT INTO arcade.ArcadeMachine([serial_no],[manufacturer],[NIF],[code],[store_id]) VALUES(358460515,'Fames Ac Industries'                       ,'126091548'                           ,04032,01000);
INSERT INTO arcade.ArcadeMachine([serial_no],[manufacturer],[NIF],[code],[store_id]) VALUES(464200035,'Ac Corporation'                            ,'126091548'                           ,04028,01002);
INSERT INTO arcade.ArcadeMachine([serial_no],[manufacturer],[NIF],[code],[store_id]) VALUES(483813013,'Enim Commodo Industries'                   ,'126091548'                           ,04009,01002);
INSERT INTO arcade.ArcadeMachine([serial_no],[manufacturer],[NIF],[code],[store_id]) VALUES(432817043,'Quam Corp.'                                ,'126091548'                           ,04038,01001);
INSERT INTO arcade.ArcadeMachine([serial_no],[manufacturer],[NIF],[code],[store_id]) VALUES(399445347,'Venenatis Ltd'                             ,'126091548'                           ,04008,01003);
INSERT INTO arcade.ArcadeMachine([serial_no],[manufacturer],[NIF],[code],[store_id]) VALUES(165629876,'Blandit Mattis Cras Consulting'            ,'126091548'                           ,04011,01000);
INSERT INTO arcade.ArcadeMachine([serial_no],[manufacturer],[NIF],[code],[store_id]) VALUES(236830375,'Eget Corp.'                                ,'110135969'                           ,04015,01003);
INSERT INTO arcade.ArcadeMachine([serial_no],[manufacturer],[NIF],[code],[store_id]) VALUES(353984426,'Quam Corp.'                                ,'110135969'                           ,04019,01003);
INSERT INTO arcade.ArcadeMachine([serial_no],[manufacturer],[NIF],[code],[store_id]) VALUES(424465273,'Interdum Libero Company'                   ,'110135969'                           ,04010,01000);
INSERT INTO arcade.ArcadeMachine([serial_no],[manufacturer],[NIF],[code],[store_id]) VALUES(111429151,'Interdum Libero Company'                   ,'110135969'                           ,04012,01000);
INSERT INTO arcade.ArcadeMachine([serial_no],[manufacturer],[NIF],[code],[store_id]) VALUES(335544551,'Et Risus Quisque Corporation'              ,'110135969'                           ,04017,01002);
INSERT INTO arcade.ArcadeMachine([serial_no],[manufacturer],[NIF],[code],[store_id]) VALUES(283246237,'Quam Corp.'                                ,'110135969'                           ,04025,01003);
INSERT INTO arcade.ArcadeMachine([serial_no],[manufacturer],[NIF],[code],[store_id]) VALUES(498051513,'Non Dapibus Ltd'                           ,'394782747'                           ,04030,01002);
INSERT INTO arcade.ArcadeMachine([serial_no],[manufacturer],[NIF],[code],[store_id]) VALUES(113184899,'Mauris Nulla Associates'                   ,'394782747'                           ,04018,01001);
INSERT INTO arcade.ArcadeMachine([serial_no],[manufacturer],[NIF],[code],[store_id]) VALUES(495561483,'Pellentesque Sed Industries'               ,'394782747'                           ,04024,01003);
INSERT INTO arcade.ArcadeMachine([serial_no],[manufacturer],[NIF],[code],[store_id]) VALUES(489274709,'Ultricies Company'                         ,'394782747'                           ,04013,01000);
INSERT INTO arcade.ArcadeMachine([serial_no],[manufacturer],[NIF],[code],[store_id]) VALUES(95368365,'Elit Pellentesque Company'                  ,'394782747'                           ,04002,01001);
INSERT INTO arcade.ArcadeMachine([serial_no],[manufacturer],[NIF],[code],[store_id]) VALUES(92135354,'Magna LLC'                                  ,'394782747'                           ,04033,01003);
INSERT INTO arcade.ArcadeMachine([serial_no],[manufacturer],[NIF],[code],[store_id]) VALUES(295938870,'Sed Et Libero PC'                          ,'394782747'                           ,04023,01001);
INSERT INTO arcade.ArcadeMachine([serial_no],[manufacturer],[NIF],[code],[store_id]) VALUES(280413769,'Tincidunt Adipiscing Mauris Company'       ,'266480856'                           ,04036,01000);
INSERT INTO arcade.ArcadeMachine([serial_no],[manufacturer],[NIF],[code],[store_id]) VALUES(161078173,'Id Erat Institute'                         ,'266480856'                           ,04008,01001);
INSERT INTO arcade.ArcadeMachine([serial_no],[manufacturer],[NIF],[code],[store_id]) VALUES(389985358,'Magna A Tortor Consulting'                 ,'266480856'                           ,04023,01003);
INSERT INTO arcade.ArcadeMachine([serial_no],[manufacturer],[NIF],[code],[store_id]) VALUES(299218440,'Et Ltd'                                    ,'266480856'                           ,04024,01002);
INSERT INTO arcade.ArcadeMachine([serial_no],[manufacturer],[NIF],[code],[store_id]) VALUES(97309502,'Consequat Corporation'                      ,'266480856'                           ,04027,01002);
INSERT INTO arcade.ArcadeMachine([serial_no],[manufacturer],[NIF],[code],[store_id]) VALUES(315500456,'Velit Associates'                          ,'266480856'                           ,04040,01003);
INSERT INTO arcade.ArcadeMachine([serial_no],[manufacturer],[NIF],[code],[store_id]) VALUES(320349665,'Ligula Eu Enim LLP'                        ,'325268594'                           ,04028,01000);
INSERT INTO arcade.ArcadeMachine([serial_no],[manufacturer],[NIF],[code],[store_id]) VALUES(277852054,'Vulputate Posuere Foundation'              ,'325268594'                           ,04014,01001);
INSERT INTO arcade.ArcadeMachine([serial_no],[manufacturer],[NIF],[code],[store_id]) VALUES(456365008,'Lobortis Nisi LLP'                         ,'325268594'                           ,04018,01002);
INSERT INTO arcade.ArcadeMachine([serial_no],[manufacturer],[NIF],[code],[store_id]) VALUES(306836027,'Orci LLC'                                  ,'325268594'                           ,04025,01002);
INSERT INTO arcade.ArcadeMachine([serial_no],[manufacturer],[NIF],[code],[store_id]) VALUES(427757008,'Pellentesque Sed Industries'               ,'325268594'                           ,04020,01002);
INSERT INTO arcade.ArcadeMachine([serial_no],[manufacturer],[NIF],[code],[store_id]) VALUES(239183217,'Sit Institute'                             ,'325268594'                           ,04022,01003);
INSERT INTO arcade.ArcadeMachine([serial_no],[manufacturer],[NIF],[code],[store_id]) VALUES(109463639,'Non Dapibus Ltd'                           ,'325268594'                           ,04013,01001);
INSERT INTO arcade.ArcadeMachine([serial_no],[manufacturer],[NIF],[code],[store_id]) VALUES(417341091,'Lobortis Nisi LLP'                         ,'138323702'                           ,04026,01001);
INSERT INTO arcade.ArcadeMachine([serial_no],[manufacturer],[NIF],[code],[store_id]) VALUES(128170507,'Integer Mollis Corp.'                      ,'138323702'                           ,04031,01000);
INSERT INTO arcade.ArcadeMachine([serial_no],[manufacturer],[NIF],[code],[store_id]) VALUES(343137819,'Neque Industries'                          ,'138323702'                           ,04034,01000);
INSERT INTO arcade.ArcadeMachine([serial_no],[manufacturer],[NIF],[code],[store_id]) VALUES(118546459,'Pellentesque Sed Industries'               ,'246286056'                           ,04017,01001);
INSERT INTO arcade.ArcadeMachine([serial_no],[manufacturer],[NIF],[code],[store_id]) VALUES(457461479,'Ipsum Ac LLP'                              ,'246286056'                           ,04012,01003);
INSERT INTO arcade.ArcadeMachine([serial_no],[manufacturer],[NIF],[code],[store_id]) VALUES(211243292,'Pellentesque Sed Industries'               ,'246286056'                           ,04011,01001);




INSERT INTO arcade.Rents([machine_no],[supplier],[rent_cost],[rent_duration]) VALUES(188419737,'138323702',309.45,'2021/08/22');
INSERT INTO arcade.Rents([machine_no],[supplier],[rent_cost],[rent_duration]) VALUES(174623275,'393823584',791.77,'2021/10/16');
INSERT INTO arcade.Rents([machine_no],[supplier],[rent_cost],[rent_duration]) VALUES(398017351,'325268594',444.62,'2022/05/07');
INSERT INTO arcade.Rents([machine_no],[supplier],[rent_cost],[rent_duration]) VALUES(215164872,'325268594',665.02,'2020/12/07');
INSERT INTO arcade.Rents([machine_no],[supplier],[rent_cost],[rent_duration]) VALUES(115946588,'138323702',979.50,'2020/12/29');
INSERT INTO arcade.Rents([machine_no],[supplier],[rent_cost],[rent_duration]) VALUES(409665197,'110135969',674.82,'2021/07/02');
INSERT INTO arcade.Rents([machine_no],[supplier],[rent_cost],[rent_duration]) VALUES(283722419,'439365663',641.84,'2021/02/27');
INSERT INTO arcade.Rents([machine_no],[supplier],[rent_cost],[rent_duration]) VALUES(455970625,'138323702',508.08,'2021/02/07');
INSERT INTO arcade.Rents([machine_no],[supplier],[rent_cost],[rent_duration]) VALUES(253212405,'138323702',310.54,'2021/03/27');
INSERT INTO arcade.Rents([machine_no],[supplier],[rent_cost],[rent_duration]) VALUES(360965952,'394782747',690.12,'2020/11/18');
INSERT INTO arcade.Rents([machine_no],[supplier],[rent_cost],[rent_duration]) VALUES(422888264,'266480856',381.39,'2020/07/18');
INSERT INTO arcade.Rents([machine_no],[supplier],[rent_cost],[rent_duration]) VALUES(208263705,'126091548',718.15,'2020/12/31');
INSERT INTO arcade.Rents([machine_no],[supplier],[rent_cost],[rent_duration]) VALUES(322613989,'110135969',401.38,'2022/02/08');
INSERT INTO arcade.Rents([machine_no],[supplier],[rent_cost],[rent_duration]) VALUES(465604519,'394782747',389.56,'2022/04/09');
INSERT INTO arcade.Rents([machine_no],[supplier],[rent_cost],[rent_duration]) VALUES(292077525,'266480856',477.96,'2021/07/22');
INSERT INTO arcade.Rents([machine_no],[supplier],[rent_cost],[rent_duration]) VALUES(153153424,'266480856',267.50,'2020/07/02');
INSERT INTO arcade.Rents([machine_no],[supplier],[rent_cost],[rent_duration]) VALUES(421281692,'125076882',429.76,'2021/04/27');
INSERT INTO arcade.Rents([machine_no],[supplier],[rent_cost],[rent_duration]) VALUES(182466789,'138323702',998.59,'2020/10/05');
INSERT INTO arcade.Rents([machine_no],[supplier],[rent_cost],[rent_duration]) VALUES(435497536,'393823584',580.76,'2021/04/26');
INSERT INTO arcade.Rents([machine_no],[supplier],[rent_cost],[rent_duration]) VALUES(308786566,'138323702',632.86,'2021/06/20');
INSERT INTO arcade.Rents([machine_no],[supplier],[rent_cost],[rent_duration]) VALUES(492927498,'126091548',709.93,'2020/06/29');
INSERT INTO arcade.Rents([machine_no],[supplier],[rent_cost],[rent_duration]) VALUES(221052678,'246286056',860.52,'2021/08/04');
INSERT INTO arcade.Rents([machine_no],[supplier],[rent_cost],[rent_duration]) VALUES(358460515,'125076882',670.07,'2020/06/21');
INSERT INTO arcade.Rents([machine_no],[supplier],[rent_cost],[rent_duration]) VALUES(464200035,'439365663',960.15,'2020/08/03');
INSERT INTO arcade.Rents([machine_no],[supplier],[rent_cost],[rent_duration]) VALUES(483813013,'125076882',909.57,'2021/04/06');
INSERT INTO arcade.Rents([machine_no],[supplier],[rent_cost],[rent_duration]) VALUES(432817043,'325268594',386.86,'2021/01/19');
INSERT INTO arcade.Rents([machine_no],[supplier],[rent_cost],[rent_duration]) VALUES(399445347,'110135969',122.81,'2021/11/14');
INSERT INTO arcade.Rents([machine_no],[supplier],[rent_cost],[rent_duration]) VALUES(165629876,'138323702',100.94,'2022/02/05');
INSERT INTO arcade.Rents([machine_no],[supplier],[rent_cost],[rent_duration]) VALUES(236830375,'266480856',109.87,'2020/07/19');
INSERT INTO arcade.Rents([machine_no],[supplier],[rent_cost],[rent_duration]) VALUES(353984426,'246286056',835.79,'2021/04/27');
INSERT INTO arcade.Rents([machine_no],[supplier],[rent_cost],[rent_duration]) VALUES(424465273,'393823584',535.54,'2020/11/18');
INSERT INTO arcade.Rents([machine_no],[supplier],[rent_cost],[rent_duration]) VALUES(111429151,'266480856',556.63,'2020/07/03');
INSERT INTO arcade.Rents([machine_no],[supplier],[rent_cost],[rent_duration]) VALUES(335544551,'138323702',460.44,'2021/01/28');
INSERT INTO arcade.Rents([machine_no],[supplier],[rent_cost],[rent_duration]) VALUES(283246237,'394782747',644.16,'2022/04/16');
INSERT INTO arcade.Rents([machine_no],[supplier],[rent_cost],[rent_duration]) VALUES(498051513,'439365663',150.48,'2021/09/20');
INSERT INTO arcade.Rents([machine_no],[supplier],[rent_cost],[rent_duration]) VALUES(113184899,'125076882',179.19,'2020/06/20');
INSERT INTO arcade.Rents([machine_no],[supplier],[rent_cost],[rent_duration]) VALUES(495561483,'266480856',401.04,'2021/07/25');
INSERT INTO arcade.Rents([machine_no],[supplier],[rent_cost],[rent_duration]) VALUES(489274709,'138323702',708.84,'2020/12/29');
INSERT INTO arcade.Rents([machine_no],[supplier],[rent_cost],[rent_duration]) VALUES(95368365,'393823584' ,556.75,'2020/08/02');
INSERT INTO arcade.Rents([machine_no],[supplier],[rent_cost],[rent_duration]) VALUES(92135354,'325268594' ,837.63,'2022/05/21');
INSERT INTO arcade.Rents([machine_no],[supplier],[rent_cost],[rent_duration]) VALUES(295938870,'394782747',316.46,'2020/09/20');
INSERT INTO arcade.Rents([machine_no],[supplier],[rent_cost],[rent_duration]) VALUES(280413769,'246286056',720.81,'2020/11/27');
INSERT INTO arcade.Rents([machine_no],[supplier],[rent_cost],[rent_duration]) VALUES(161078173,'393823584',645.63,'2022/04/16');
INSERT INTO arcade.Rents([machine_no],[supplier],[rent_cost],[rent_duration]) VALUES(389985358,'439365663',643.19,'2022/03/14');
INSERT INTO arcade.Rents([machine_no],[supplier],[rent_cost],[rent_duration]) VALUES(299218440,'138323702',364.03,'2022/04/24');
INSERT INTO arcade.Rents([machine_no],[supplier],[rent_cost],[rent_duration]) VALUES(97309502, '125076882',584.76,'2020/08/08');
INSERT INTO arcade.Rents([machine_no],[supplier],[rent_cost],[rent_duration]) VALUES(315500456,'439365663',804.61,'2020/08/08');
INSERT INTO arcade.Rents([machine_no],[supplier],[rent_cost],[rent_duration]) VALUES(320349665,'325268594',785.57,'2021/07/29');
INSERT INTO arcade.Rents([machine_no],[supplier],[rent_cost],[rent_duration]) VALUES(277852054,'138323702',732.88,'2020/12/24');
INSERT INTO arcade.Rents([machine_no],[supplier],[rent_cost],[rent_duration]) VALUES(456365008,'138323702',549.04,'2022/04/28');
INSERT INTO arcade.Rents([machine_no],[supplier],[rent_cost],[rent_duration]) VALUES(306836027,'266480856',754.50,'2022/05/18');
INSERT INTO arcade.Rents([machine_no],[supplier],[rent_cost],[rent_duration]) VALUES(427757008,'394782747',166.90,'2022/02/05');
INSERT INTO arcade.Rents([machine_no],[supplier],[rent_cost],[rent_duration]) VALUES(239183217,'138323702',371.09,'2021/10/19');
INSERT INTO arcade.Rents([machine_no],[supplier],[rent_cost],[rent_duration]) VALUES(109463639,'125076882',640.81,'2021/05/29');
INSERT INTO arcade.Rents([machine_no],[supplier],[rent_cost],[rent_duration]) VALUES(417341091,'125076882',609.89,'2020/12/28');
INSERT INTO arcade.Rents([machine_no],[supplier],[rent_cost],[rent_duration]) VALUES(128170507,'110135969',249.69,'2021/04/27');
INSERT INTO arcade.Rents([machine_no],[supplier],[rent_cost],[rent_duration]) VALUES(343137819,'246286056',557.43,'2020/12/20');
INSERT INTO arcade.Rents([machine_no],[supplier],[rent_cost],[rent_duration]) VALUES(118546459,'394782747',708.34,'2020/06/04');
INSERT INTO arcade.Rents([machine_no],[supplier],[rent_cost],[rent_duration]) VALUES(457461479,'393823584',243.13,'2020/06/21');
INSERT INTO arcade.Rents([machine_no],[supplier],[rent_cost],[rent_duration]) VALUES(211243292,'246286056',260.12,'2021/07/23');



INSERT INTO arcade.Schedule([schedule_code],[start_time],[end_time]) VALUES(08001,'08:00:00','17:00:00');
INSERT INTO arcade.Schedule([schedule_code],[start_time],[end_time]) VALUES(08002,'08:00:00','17:00:00');
INSERT INTO arcade.Schedule([schedule_code],[start_time],[end_time]) VALUES(08003,'13:00:00','17:00:00');
INSERT INTO arcade.Schedule([schedule_code],[start_time],[end_time]) VALUES(08004,'17:00:00','02:00:00');
INSERT INTO arcade.Schedule([schedule_code],[start_time],[end_time]) VALUES(08005,'17:00:00','02:00:00');
INSERT INTO arcade.Schedule([schedule_code],[start_time],[end_time]) VALUES(08006,'07:00:00','12:00:00');
INSERT INTO arcade.Schedule([schedule_code],[start_time],[end_time]) VALUES(08007,'07:00:00','12:00:00');



INSERT INTO arcade.ScheduleFunction([schedule_code],[task]) VALUES(08001,'service');
INSERT INTO arcade.ScheduleFunction([schedule_code],[task]) VALUES(08001,'maintenance');
INSERT INTO arcade.ScheduleFunction([schedule_code],[task]) VALUES(08001,'cleaning');
INSERT INTO arcade.ScheduleFunction([schedule_code],[task]) VALUES(08002,'service');
INSERT INTO arcade.ScheduleFunction([schedule_code],[task]) VALUES(08002,'cleaning');
INSERT INTO arcade.ScheduleFunction([schedule_code],[task]) VALUES(08003,'service');
INSERT INTO arcade.ScheduleFunction([schedule_code],[task]) VALUES(08003,'cleaning');
INSERT INTO arcade.ScheduleFunction([schedule_code],[task]) VALUES(08004,'service');
INSERT INTO arcade.ScheduleFunction([schedule_code],[task]) VALUES(08004,'cleaning');
INSERT INTO arcade.ScheduleFunction([schedule_code],[task]) VALUES(08004,'maintenance');
INSERT INTO arcade.ScheduleFunction([schedule_code],[task]) VALUES(08005,'service');
INSERT INTO arcade.ScheduleFunction([schedule_code],[task]) VALUES(08005,'cleaning');
INSERT INTO arcade.ScheduleFunction([schedule_code],[task]) VALUES(08006,'maintenance');
INSERT INTO arcade.ScheduleFunction([schedule_code],[task]) VALUES(08007,'cleaning');





INSERT INTO arcade.Client([client_no],[cli_name],[points],[credits]) VALUES(06000,'Paloma J. Montoya',893,7);
INSERT INTO arcade.Client([client_no],[cli_name],[points],[credits]) VALUES(06001,'Philip Mckay',122,16);
INSERT INTO arcade.Client([client_no],[cli_name],[points],[credits]) VALUES(06002,'Ann A. Brennan',487,15);
INSERT INTO arcade.Client([client_no],[cli_name],[points],[credits]) VALUES(06003,'Keelie Y. Osborn',180,12);
INSERT INTO arcade.Client([client_no],[cli_name],[points],[credits]) VALUES(06004,'Joan Watson',347,5);
INSERT INTO arcade.Client([client_no],[cli_name],[points],[credits]) VALUES(06005,'Carol Ruiz',362,20);
INSERT INTO arcade.Client([client_no],[cli_name],[points],[credits]) VALUES(06006,'Leigh Drake',584,13);
INSERT INTO arcade.Client([client_no],[cli_name],[points],[credits]) VALUES(06007,'Amos Oneil',176,4);
INSERT INTO arcade.Client([client_no],[cli_name],[points],[credits]) VALUES(06008,'Louis Guthrie',978,20);
INSERT INTO arcade.Client([client_no],[cli_name],[points],[credits]) VALUES(06009,'Shannon Curry',488,3);
INSERT INTO arcade.Client([client_no],[cli_name],[points],[credits]) VALUES(06010,'Victoria P. Payne',186,14);
INSERT INTO arcade.Client([client_no],[cli_name],[points],[credits]) VALUES(06011,'Heidi Hobbs',244,13);
INSERT INTO arcade.Client([client_no],[cli_name],[points],[credits]) VALUES(06012,'Mercedes Randall',222,2);
INSERT INTO arcade.Client([client_no],[cli_name],[points],[credits]) VALUES(06013,'Kane Fernandez',584,2);
INSERT INTO arcade.Client([client_no],[cli_name],[points],[credits]) VALUES(06014,'Troy O. Chaney',563,15);
INSERT INTO arcade.Client([client_no],[cli_name],[points],[credits]) VALUES(06015,'Herman Mcknight',809,2);
INSERT INTO arcade.Client([client_no],[cli_name],[points],[credits]) VALUES(06016,'Chantale T. Christensen',555,6);
INSERT INTO arcade.Client([client_no],[cli_name],[points],[credits]) VALUES(06017,'Zahir Valentine',838,7);
INSERT INTO arcade.Client([client_no],[cli_name],[points],[credits]) VALUES(06018,'Blaze M. Petersen',613,7);
INSERT INTO arcade.Client([client_no],[cli_name],[points],[credits]) VALUES(06019,'Vincent Delacruz',755,10);
INSERT INTO arcade.Client([client_no],[cli_name],[points],[credits]) VALUES(06020,'Leilani Carr',560,19);
INSERT INTO arcade.Client([client_no],[cli_name],[points],[credits]) VALUES(06021,'Jamal Mullen',407,1);
INSERT INTO arcade.Client([client_no],[cli_name],[points],[credits]) VALUES(06022,'John O. Compton',581,2);
INSERT INTO arcade.Client([client_no],[cli_name],[points],[credits]) VALUES(06023,'Kareem J. Glass',417,14);
INSERT INTO arcade.Client([client_no],[cli_name],[points],[credits]) VALUES(06024,'Raya R. Meyers',34,16);
INSERT INTO arcade.Client([client_no],[cli_name],[points],[credits]) VALUES(06025,'Vladimir R. Tate',354,1);
INSERT INTO arcade.Client([client_no],[cli_name],[points],[credits]) VALUES(06026,'Mary D. Weaver',427,18);
INSERT INTO arcade.Client([client_no],[cli_name],[points],[credits]) VALUES(06027,'Cadman Guzman',1,9);
INSERT INTO arcade.Client([client_no],[cli_name],[points],[credits]) VALUES(06028,'Kimberley Collier',755,11);
INSERT INTO arcade.Client([client_no],[cli_name],[points],[credits]) VALUES(06029,'Marshall Luna',879,17);
INSERT INTO arcade.Client([client_no],[cli_name],[points],[credits]) VALUES(06030,'Oscar A. Huff',373,14);
INSERT INTO arcade.Client([client_no],[cli_name],[points],[credits]) VALUES(06031,'Iris Rosales',115,12);
INSERT INTO arcade.Client([client_no],[cli_name],[points],[credits]) VALUES(06032,'Nola Y. Olson',712,3);
INSERT INTO arcade.Client([client_no],[cli_name],[points],[credits]) VALUES(06033,'Daquan Duke',637,10);
INSERT INTO arcade.Client([client_no],[cli_name],[points],[credits]) VALUES(06034,'Ian E. Riley',101,3);
INSERT INTO arcade.Client([client_no],[cli_name],[points],[credits]) VALUES(06035,'Mollie Gentry',367,20);
INSERT INTO arcade.Client([client_no],[cli_name],[points],[credits]) VALUES(06036,'Jonas Blevins',308,0);
INSERT INTO arcade.Client([client_no],[cli_name],[points],[credits]) VALUES(06037,'Brock A. Griffith',43,3);
INSERT INTO arcade.Client([client_no],[cli_name],[points],[credits]) VALUES(06038,'Lev F. Medina',933,16);
INSERT INTO arcade.Client([client_no],[cli_name],[points],[credits]) VALUES(06039,'Jemima Olson',417,11);
INSERT INTO arcade.Client([client_no],[cli_name],[points],[credits]) VALUES(06040,'Blaze P. Snyder',974,16);
INSERT INTO arcade.Client([client_no],[cli_name],[points],[credits]) VALUES(06041,'Georgia Mccall',546,7);
INSERT INTO arcade.Client([client_no],[cli_name],[points],[credits]) VALUES(06042,'Zelenia N. Dotson',739,15);
INSERT INTO arcade.Client([client_no],[cli_name],[points],[credits]) VALUES(06043,'Sophia Garrison',996,8);
INSERT INTO arcade.Client([client_no],[cli_name],[points],[credits]) VALUES(06044,'Octavius O. Larsen',818,13);
INSERT INTO arcade.Client([client_no],[cli_name],[points],[credits]) VALUES(06045,'Jesse Crane',228,0);
INSERT INTO arcade.Client([client_no],[cli_name],[points],[credits]) VALUES(06046,'Deanna Hicks',672,6);
INSERT INTO arcade.Client([client_no],[cli_name],[points],[credits]) VALUES(06047,'Leilani S. Salazar',523,18);
INSERT INTO arcade.Client([client_no],[cli_name],[points],[credits]) VALUES(06048,'Hayes Ward',527,18);
INSERT INTO arcade.Client([client_no],[cli_name],[points],[credits]) VALUES(06049,'Jennifer Hubbard',499,4);
INSERT INTO arcade.Client([client_no],[cli_name],[points],[credits]) VALUES(06050,'Wang U. Nguyen',451,18);
INSERT INTO arcade.Client([client_no],[cli_name],[points],[credits]) VALUES(06051,'Wang W. Dalton',22,6);
INSERT INTO arcade.Client([client_no],[cli_name],[points],[credits]) VALUES(06052,'Barrett Wise',874,7);
INSERT INTO arcade.Client([client_no],[cli_name],[points],[credits]) VALUES(06053,'Unity Hatfield',700,7);
INSERT INTO arcade.Client([client_no],[cli_name],[points],[credits]) VALUES(06054,'Melanie M. Hogan',920,8);
INSERT INTO arcade.Client([client_no],[cli_name],[points],[credits]) VALUES(06055,'Whitney A. Roberts',689,0);
INSERT INTO arcade.Client([client_no],[cli_name],[points],[credits]) VALUES(06056,'Winifred C. Guerra',675,5);
INSERT INTO arcade.Client([client_no],[cli_name],[points],[credits]) VALUES(06057,'Maia Hendrix',206,5);
INSERT INTO arcade.Client([client_no],[cli_name],[points],[credits]) VALUES(06058,'Stephen Bowers',990,12);
INSERT INTO arcade.Client([client_no],[cli_name],[points],[credits]) VALUES(06059,'Shoshana B. Merrill',263,17);


update arcade.Client set credits = 7 where client_no=06000
update arcade.Client set credits = 16 where client_no=06001
update arcade.Client set credits = 15 where client_no=06002
update arcade.Client set credits = 12 where client_no=06003
update arcade.Client set credits = 5 where client_no=06004
update arcade.Client set credits = 20 where client_no=06005
update arcade.Client set credits = 3 where client_no=06006
update arcade.Client set credits = 14 where client_no=06007
update arcade.Client set credits = 2 where client_no=06008
update arcade.Client set credits = 2 where client_no=06009
update arcade.Client set credits = 15 where client_no=06010
update arcade.Client set credits = 2 where client_no=06011
update arcade.Client set credits = 6 where client_no=06012
update arcade.Client set credits = 7 where client_no=06013
update arcade.Client set credits = 7 where client_no=06014
update arcade.Client set credits = 10 where client_no=06016
update arcade.Client set credits = 19 where client_no=06017
update arcade.Client set credits = 1 where client_no=06018
update arcade.Client set credits = 2 where client_no=06019
update arcade.Client set credits = 14 where client_no=06020
update arcade.Client set credits = 16 where client_no=06021
update arcade.Client set credits = 1 where client_no=06022
update arcade.Client set credits = 18 where client_no=06023
update arcade.Client set credits = 9 where client_no=06024
update arcade.Client set credits = 11 where client_no=06025
update arcade.Client set credits = 17 where client_no=06026
update arcade.Client set credits = 14 where client_no=06027
update arcade.Client set credits = 16 where client_no=06029
update arcade.Client set credits = 1 where client_no=06030
update arcade.Client set credits = 18 where client_no=06031
update arcade.Client set credits = 9 where client_no=06032
update arcade.Client set credits = 1 where client_no=06033
update arcade.Client set credits = 11 where client_no=06034
update arcade.Client set credits = 17 where client_no=06035
update arcade.Client set credits = 14 where client_no=06037
update arcade.Client set credits = 12 where client_no=06038
update arcade.Client set credits = 3 where client_no=06039
update arcade.Client set credits = 10 where client_no=06040
update arcade.Client set credits = 3 where client_no=06041
update arcade.Client set credits = 20 where client_no=06042
update arcade.Client set credits = 0 where client_no=06043
update arcade.Client set credits = 3 where client_no=06044
update arcade.Client set credits = 16 where client_no=06045
update arcade.Client set credits = 1 where client_no=06047
update arcade.Client set credits = 1 where client_no=06048
update arcade.Client set credits = 11 where client_no=06049
update arcade.Client set credits = 16 where client_no=06050
update arcade.Client set credits = 7 where client_no=06051
update arcade.Client set credits = 15 where client_no=06052
update arcade.Client set credits = 8 where client_no=06053
update arcade.Client set credits = 13 where client_no=06054
update arcade.Client set credits = 0 where client_no=06055
update arcade.Client set credits = 6 where client_no=06056
update arcade.Client set credits = 18 where client_no=06057
update arcade.Client set credits = 18 where client_no=06058
update arcade.Client set credits = 4 where client_no=06059
update arcade.Client set credits = 18 where client_no=06060
update arcade.Client set credits = 6 where client_no=06061
update arcade.Client set credits = 7 where client_no=06062
update arcade.Client set credits = 7 where client_no=06063
update arcade.Client set credits = 8 where client_no=06064
update arcade.Client set credits = 0 where client_no=06065
update arcade.Client set credits = 5 where client_no=06066
update arcade.Client set credits = 5 where client_no=06067
update arcade.Client set credits = 12 where client_no=06068
update arcade.Client set credits = 17 where client_no=06069


INSERT INTO arcade.Redeemed([quantity],[time_stamp],[client_no],[emp_no],[pri_id]) VALUES(3,'2020-01-01 09:11:42',06039,12004,07001);
INSERT INTO arcade.Redeemed([quantity],[time_stamp],[client_no],[emp_no],[pri_id]) VALUES(3,'2020-09-08 02:44:48',06007,12005,07004);
INSERT INTO arcade.Redeemed([quantity],[time_stamp],[client_no],[emp_no],[pri_id]) VALUES(10,'2019-12-31 00:47:19',06015,12002,07010);
INSERT INTO arcade.Redeemed([quantity],[time_stamp],[client_no],[emp_no],[pri_id]) VALUES(8,'2020-08-24 05:50:21',06047,12020,07001);
INSERT INTO arcade.Redeemed([quantity],[time_stamp],[client_no],[emp_no],[pri_id]) VALUES(6,'2020-02-25 22:40:15',06035,12003,07006);
INSERT INTO arcade.Redeemed([quantity],[time_stamp],[client_no],[emp_no],[pri_id]) VALUES(10,'2021-02-24 08:26:29',06018,12020,07004);
INSERT INTO arcade.Redeemed([quantity],[time_stamp],[client_no],[emp_no],[pri_id]) VALUES(8,'2019-05-26 03:46:26',06050,12009,07003);
INSERT INTO arcade.Redeemed([quantity],[time_stamp],[client_no],[emp_no],[pri_id]) VALUES(3,'2020-02-28 10:47:37',06006,12019,07007);
INSERT INTO arcade.Redeemed([quantity],[time_stamp],[client_no],[emp_no],[pri_id]) VALUES(9,'2020-04-15 14:51:05',06049,12014,07006);
INSERT INTO arcade.Redeemed([quantity],[time_stamp],[client_no],[emp_no],[pri_id]) VALUES(7,'2020-03-24 20:26:25',06018,12016,07005);
INSERT INTO arcade.Redeemed([quantity],[time_stamp],[client_no],[emp_no],[pri_id]) VALUES(6,'2020-11-06 01:44:56',06049,12017,07010);
INSERT INTO arcade.Redeemed([quantity],[time_stamp],[client_no],[emp_no],[pri_id]) VALUES(4,'2020-09-02 22:57:00',06025,12002,07004);
INSERT INTO arcade.Redeemed([quantity],[time_stamp],[client_no],[emp_no],[pri_id]) VALUES(10,'2020-06-26 12:36:55',06035,12009,07010);
INSERT INTO arcade.Redeemed([quantity],[time_stamp],[client_no],[emp_no],[pri_id]) VALUES(5,'2020-07-28 20:04:07',06023,12001,07010);
INSERT INTO arcade.Redeemed([quantity],[time_stamp],[client_no],[emp_no],[pri_id]) VALUES(5,'2019-07-29 15:02:49',06059,12003,07005);
INSERT INTO arcade.Redeemed([quantity],[time_stamp],[client_no],[emp_no],[pri_id]) VALUES(9,'2021-03-29 06:16:54',06053,12000,07008);
INSERT INTO arcade.Redeemed([quantity],[time_stamp],[client_no],[emp_no],[pri_id]) VALUES(1,'2020-02-14 06:42:21',06017,12012,07003);
INSERT INTO arcade.Redeemed([quantity],[time_stamp],[client_no],[emp_no],[pri_id]) VALUES(2,'2021-02-14 01:55:53',06000,12001,07008);
INSERT INTO arcade.Redeemed([quantity],[time_stamp],[client_no],[emp_no],[pri_id]) VALUES(4,'2020-03-25 11:05:52',06014,12018,07000);
INSERT INTO arcade.Redeemed([quantity],[time_stamp],[client_no],[emp_no],[pri_id]) VALUES(9,'2020-04-20 11:59:59',06025,12007,07007);
INSERT INTO arcade.Redeemed([quantity],[time_stamp],[client_no],[emp_no],[pri_id]) VALUES(5,'2020-02-12 10:22:29',06055,12002,07000);
INSERT INTO arcade.Redeemed([quantity],[time_stamp],[client_no],[emp_no],[pri_id]) VALUES(2,'2020-12-30 03:36:00',06012,12007,07006);
INSERT INTO arcade.Redeemed([quantity],[time_stamp],[client_no],[emp_no],[pri_id]) VALUES(5,'2020-11-19 09:09:00',06040,12003,07002);
INSERT INTO arcade.Redeemed([quantity],[time_stamp],[client_no],[emp_no],[pri_id]) VALUES(5,'2020-03-30 21:06:40',06011,12009,07000);
INSERT INTO arcade.Redeemed([quantity],[time_stamp],[client_no],[emp_no],[pri_id]) VALUES(9,'2020-05-09 06:13:13',06041,12013,07006);
INSERT INTO arcade.Redeemed([quantity],[time_stamp],[client_no],[emp_no],[pri_id]) VALUES(6,'2020-06-12 21:23:46',06031,12016,07008);
INSERT INTO arcade.Redeemed([quantity],[time_stamp],[client_no],[emp_no],[pri_id]) VALUES(2,'2020-11-01 02:23:45',06008,12008,07006);
INSERT INTO arcade.Redeemed([quantity],[time_stamp],[client_no],[emp_no],[pri_id]) VALUES(3,'2020-01-29 13:08:02',06041,12004,07006);
INSERT INTO arcade.Redeemed([quantity],[time_stamp],[client_no],[emp_no],[pri_id]) VALUES(10,'2019-05-22 17:14:43',06038,12014,07004);
INSERT INTO arcade.Redeemed([quantity],[time_stamp],[client_no],[emp_no],[pri_id]) VALUES(4,'2020-10-19 13:26:56',06054,12011,07000);
INSERT INTO arcade.Redeemed([quantity],[time_stamp],[client_no],[emp_no],[pri_id]) VALUES(8,'2020-09-04 19:50:42',06009,12019,07007);
INSERT INTO arcade.Redeemed([quantity],[time_stamp],[client_no],[emp_no],[pri_id]) VALUES(6,'2019-09-11 03:56:31',06025,12006,07001);
INSERT INTO arcade.Redeemed([quantity],[time_stamp],[client_no],[emp_no],[pri_id]) VALUES(7,'2019-09-26 21:55:41',06051,12010,07010);
INSERT INTO arcade.Redeemed([quantity],[time_stamp],[client_no],[emp_no],[pri_id]) VALUES(2,'2020-08-03 00:08:03',06033,12021,07004);
INSERT INTO arcade.Redeemed([quantity],[time_stamp],[client_no],[emp_no],[pri_id]) VALUES(6,'2021-03-25 01:44:38',06018,12019,07005);
INSERT INTO arcade.Redeemed([quantity],[time_stamp],[client_no],[emp_no],[pri_id]) VALUES(9,'2020-03-07 19:54:20',06056,12017,07006);
INSERT INTO arcade.Redeemed([quantity],[time_stamp],[client_no],[emp_no],[pri_id]) VALUES(4,'2019-07-05 18:52:42',06016,12018,07001);
INSERT INTO arcade.Redeemed([quantity],[time_stamp],[client_no],[emp_no],[pri_id]) VALUES(7,'2020-01-24 19:35:36',06057,12001,07002);
INSERT INTO arcade.Redeemed([quantity],[time_stamp],[client_no],[emp_no],[pri_id]) VALUES(5,'2020-03-24 05:06:46',06038,12020,07005);
INSERT INTO arcade.Redeemed([quantity],[time_stamp],[client_no],[emp_no],[pri_id]) VALUES(5,'2020-09-02 08:22:00',06007,12014,07000);
INSERT INTO arcade.Redeemed([quantity],[time_stamp],[client_no],[emp_no],[pri_id]) VALUES(4,'2021-05-12 08:08:47',06042,12007,07008);
INSERT INTO arcade.Redeemed([quantity],[time_stamp],[client_no],[emp_no],[pri_id]) VALUES(2,'2020-10-08 13:16:07',06036,12003,07003);
INSERT INTO arcade.Redeemed([quantity],[time_stamp],[client_no],[emp_no],[pri_id]) VALUES(3,'2020-10-26 14:58:58',06010,12002,07004);
INSERT INTO arcade.Redeemed([quantity],[time_stamp],[client_no],[emp_no],[pri_id]) VALUES(3,'2021-01-03 23:56:19',06026,12012,07001);
INSERT INTO arcade.Redeemed([quantity],[time_stamp],[client_no],[emp_no],[pri_id]) VALUES(5,'2019-09-03 18:45:31',06030,12008,07005);
INSERT INTO arcade.Redeemed([quantity],[time_stamp],[client_no],[emp_no],[pri_id]) VALUES(4,'2021-02-25 08:16:35',06007,12009,07001);
INSERT INTO arcade.Redeemed([quantity],[time_stamp],[client_no],[emp_no],[pri_id]) VALUES(4,'2021-02-25 17:44:54',06059,12001,07005);
INSERT INTO arcade.Redeemed([quantity],[time_stamp],[client_no],[emp_no],[pri_id]) VALUES(9,'2020-01-14 09:15:36',06052,12016,07004);
INSERT INTO arcade.Redeemed([quantity],[time_stamp],[client_no],[emp_no],[pri_id]) VALUES(3,'2020-09-23 06:56:25',06040,12021,07003);
INSERT INTO arcade.Redeemed([quantity],[time_stamp],[client_no],[emp_no],[pri_id]) VALUES(4,'2020-12-04 09:38:38',06059,12011,07004);
INSERT INTO arcade.Redeemed([quantity],[time_stamp],[client_no],[emp_no],[pri_id]) VALUES(5,'2021-03-24 17:39:05',06035,12001,07004);
INSERT INTO arcade.Redeemed([quantity],[time_stamp],[client_no],[emp_no],[pri_id]) VALUES(8,'2020-02-20 16:16:06',06034,12012,07001);
INSERT INTO arcade.Redeemed([quantity],[time_stamp],[client_no],[emp_no],[pri_id]) VALUES(3,'2021-01-22 16:05:14',06015,12017,07010);
INSERT INTO arcade.Redeemed([quantity],[time_stamp],[client_no],[emp_no],[pri_id]) VALUES(9,'2020-10-30 00:43:47',06006,12014,07004);
INSERT INTO arcade.Redeemed([quantity],[time_stamp],[client_no],[emp_no],[pri_id]) VALUES(2,'2021-03-08 23:33:20',06049,12018,07004);
INSERT INTO arcade.Redeemed([quantity],[time_stamp],[client_no],[emp_no],[pri_id]) VALUES(10,'2020-06-20 04:57:50',06010,12005,07004);
INSERT INTO arcade.Redeemed([quantity],[time_stamp],[client_no],[emp_no],[pri_id]) VALUES(2,'2021-05-21 19:22:25',06027,12009,07002);
INSERT INTO arcade.Redeemed([quantity],[time_stamp],[client_no],[emp_no],[pri_id]) VALUES(5,'2019-11-04 20:02:09',06006,12015,07005);
INSERT INTO arcade.Redeemed([quantity],[time_stamp],[client_no],[emp_no],[pri_id]) VALUES(10,'2020-10-18 10:17:08',06026,12005,07003);
INSERT INTO arcade.Redeemed([quantity],[time_stamp],[client_no],[emp_no],[pri_id]) VALUES(4,'2019-10-24 02:10:43',06050,12016,07004);
INSERT INTO arcade.Redeemed([quantity],[time_stamp],[client_no],[emp_no],[pri_id]) VALUES(4,'2021-05-20 13:34:19',06004,12011,07006);
INSERT INTO arcade.Redeemed([quantity],[time_stamp],[client_no],[emp_no],[pri_id]) VALUES(4,'2020-07-11 17:49:59',06046,12006,07002);
INSERT INTO arcade.Redeemed([quantity],[time_stamp],[client_no],[emp_no],[pri_id]) VALUES(8,'2020-02-08 16:13:32',06027,12006,07010);
INSERT INTO arcade.Redeemed([quantity],[time_stamp],[client_no],[emp_no],[pri_id]) VALUES(8,'2019-08-30 13:28:26',06025,12001,07005);
INSERT INTO arcade.Redeemed([quantity],[time_stamp],[client_no],[emp_no],[pri_id]) VALUES(5,'2020-11-21 15:30:02',06002,12000,07002);
INSERT INTO arcade.Redeemed([quantity],[time_stamp],[client_no],[emp_no],[pri_id]) VALUES(8,'2019-11-23 07:03:53',06039,12010,07003);
INSERT INTO arcade.Redeemed([quantity],[time_stamp],[client_no],[emp_no],[pri_id]) VALUES(10,'2019-11-20 23:44:12',06009,12015,07007);
INSERT INTO arcade.Redeemed([quantity],[time_stamp],[client_no],[emp_no],[pri_id]) VALUES(7,'2020-02-17 12:08:35',06042,12003,07003);
INSERT INTO arcade.Redeemed([quantity],[time_stamp],[client_no],[emp_no],[pri_id]) VALUES(5,'2021-04-30 00:06:46',06040,12019,07001);
INSERT INTO arcade.Redeemed([quantity],[time_stamp],[client_no],[emp_no],[pri_id]) VALUES(8,'2019-06-14 16:46:16',06033,12020,07002);
INSERT INTO arcade.Redeemed([quantity],[time_stamp],[client_no],[emp_no],[pri_id]) VALUES(2,'2020-12-25 07:42:28',06056,12013,07001);
INSERT INTO arcade.Redeemed([quantity],[time_stamp],[client_no],[emp_no],[pri_id]) VALUES(2,'2020-04-10 19:11:05',06015,12013,07001);
INSERT INTO arcade.Redeemed([quantity],[time_stamp],[client_no],[emp_no],[pri_id]) VALUES(2,'2020-07-16 08:52:54',06006,12015,07010);
INSERT INTO arcade.Redeemed([quantity],[time_stamp],[client_no],[emp_no],[pri_id]) VALUES(1,'2021-05-01 13:33:54',06031,12011,07009);
INSERT INTO arcade.Redeemed([quantity],[time_stamp],[client_no],[emp_no],[pri_id]) VALUES(1,'2021-01-26 08:35:45',06035,12014,07003);
INSERT INTO arcade.Redeemed([quantity],[time_stamp],[client_no],[emp_no],[pri_id]) VALUES(7,'2021-05-01 18:24:45',06011,12021,07006);
INSERT INTO arcade.Redeemed([quantity],[time_stamp],[client_no],[emp_no],[pri_id]) VALUES(7,'2019-06-27 13:31:46',06049,12008,07008);
INSERT INTO arcade.Redeemed([quantity],[time_stamp],[client_no],[emp_no],[pri_id]) VALUES(9,'2020-05-04 00:16:02',06016,12021,07007);
INSERT INTO arcade.Redeemed([quantity],[time_stamp],[client_no],[emp_no],[pri_id]) VALUES(1,'2020-01-10 07:13:49',06038,12004,07002);
INSERT INTO arcade.Redeemed([quantity],[time_stamp],[client_no],[emp_no],[pri_id]) VALUES(3,'2020-04-21 09:39:42',06009,12001,07005);
INSERT INTO arcade.Redeemed([quantity],[time_stamp],[client_no],[emp_no],[pri_id]) VALUES(3,'2019-07-31 17:26:31',06020,12011,07006);
INSERT INTO arcade.Redeemed([quantity],[time_stamp],[client_no],[emp_no],[pri_id]) VALUES(2,'2020-07-15 11:51:04',06022,12008,07003);
INSERT INTO arcade.Redeemed([quantity],[time_stamp],[client_no],[emp_no],[pri_id]) VALUES(8,'2019-05-29 18:06:42',06021,12001,07007);
INSERT INTO arcade.Redeemed([quantity],[time_stamp],[client_no],[emp_no],[pri_id]) VALUES(5,'2020-05-05 14:24:27',06019,12003,07004);
INSERT INTO arcade.Redeemed([quantity],[time_stamp],[client_no],[emp_no],[pri_id]) VALUES(7,'2020-02-22 15:45:23',06051,12021,07007);
INSERT INTO arcade.Redeemed([quantity],[time_stamp],[client_no],[emp_no],[pri_id]) VALUES(2,'2020-07-30 18:46:58',06051,12021,07006);
INSERT INTO arcade.Redeemed([quantity],[time_stamp],[client_no],[emp_no],[pri_id]) VALUES(7,'2020-08-01 08:24:57',06054,12012,07004);
INSERT INTO arcade.Redeemed([quantity],[time_stamp],[client_no],[emp_no],[pri_id]) VALUES(7,'2020-08-09 23:50:19',06051,12019,07002);
INSERT INTO arcade.Redeemed([quantity],[time_stamp],[client_no],[emp_no],[pri_id]) VALUES(10,'2021-02-05 08:54:12',06021,12019,07010);
INSERT INTO arcade.Redeemed([quantity],[time_stamp],[client_no],[emp_no],[pri_id]) VALUES(7,'2020-08-18 02:54:06',06017,12021,07005);
INSERT INTO arcade.Redeemed([quantity],[time_stamp],[client_no],[emp_no],[pri_id]) VALUES(8,'2020-05-14 23:26:11',06016,12008,07002);
INSERT INTO arcade.Redeemed([quantity],[time_stamp],[client_no],[emp_no],[pri_id]) VALUES(10,'2021-01-12 01:41:18',06015,12016,07003);
INSERT INTO arcade.Redeemed([quantity],[time_stamp],[client_no],[emp_no],[pri_id]) VALUES(5,'2020-02-13 03:41:36',06047,12014,07005);
INSERT INTO arcade.Redeemed([quantity],[time_stamp],[client_no],[emp_no],[pri_id]) VALUES(2,'2019-08-19 23:55:44',06042,12010,07005);
INSERT INTO arcade.Redeemed([quantity],[time_stamp],[client_no],[emp_no],[pri_id]) VALUES(9,'2019-11-20 23:12:35',06005,12018,07007);
INSERT INTO arcade.Redeemed([quantity],[time_stamp],[client_no],[emp_no],[pri_id]) VALUES(4,'2020-01-29 11:03:56',06010,12014,07003);
INSERT INTO arcade.Redeemed([quantity],[time_stamp],[client_no],[emp_no],[pri_id]) VALUES(7,'2021-04-09 09:21:23',06031,12000,07001);
INSERT INTO arcade.Redeemed([quantity],[time_stamp],[client_no],[emp_no],[pri_id]) VALUES(8,'2021-05-14 03:57:56',06050,12014,07009);
INSERT INTO arcade.Redeemed([quantity],[time_stamp],[client_no],[emp_no],[pri_id]) VALUES(4,'2020-04-18 08:17:28',06030,12003,07002);
INSERT INTO arcade.Redeemed([quantity],[time_stamp],[client_no],[emp_no],[pri_id]) VALUES(2,'2021-05-09 13:19:27',06030,12015,07010);


INSERT INTO arcade.Played([time_stamp],[playtime],[points_recv],[client],[machine_no]) VALUES('2021-05-21 19:13:09','00:43:40',122,06048,495561483);
INSERT INTO arcade.Played([time_stamp],[playtime],[points_recv],[client],[machine_no]) VALUES('2020-05-11 10:46:36','00:00:54',103,06038,236830375);
INSERT INTO arcade.Played([time_stamp],[playtime],[points_recv],[client],[machine_no]) VALUES('2021-03-24 21:38:19','00:33:53',77,06042,239183217);
INSERT INTO arcade.Played([time_stamp],[playtime],[points_recv],[client],[machine_no]) VALUES('2020-04-11 13:22:52','00:01:56',68,06049,492927498);
INSERT INTO arcade.Played([time_stamp],[playtime],[points_recv],[client],[machine_no]) VALUES('2020-07-29 17:39:32','00:25:33',86,06016,455970625);
INSERT INTO arcade.Played([time_stamp],[playtime],[points_recv],[client],[machine_no]) VALUES('2021-04-30 01:24:43','00:06:30',50,06018,118546459);
INSERT INTO arcade.Played([time_stamp],[playtime],[points_recv],[client],[machine_no]) VALUES('2020-04-05 12:47:31','00:10:11',139,06009,360965952);
INSERT INTO arcade.Played([time_stamp],[playtime],[points_recv],[client],[machine_no]) VALUES('2019-08-19 06:04:18','00:24:26',118,06028,432817043);
INSERT INTO arcade.Played([time_stamp],[playtime],[points_recv],[client],[machine_no]) VALUES('2020-11-02 17:36:54','00:03:52',160,06032,389985358);
INSERT INTO arcade.Played([time_stamp],[playtime],[points_recv],[client],[machine_no]) VALUES('2020-12-18 17:42:26','00:43:30',110,06025,253212405);
INSERT INTO arcade.Played([time_stamp],[playtime],[points_recv],[client],[machine_no]) VALUES('2020-07-01 20:04:01','00:26:22',48,06060,464200035);
INSERT INTO arcade.Played([time_stamp],[playtime],[points_recv],[client],[machine_no]) VALUES('2020-04-21 15:05:34','00:06:15',65,06054,358460515);
INSERT INTO arcade.Played([time_stamp],[playtime],[points_recv],[client],[machine_no]) VALUES('2021-04-02 15:57:29','00:33:28',97,06050,389985358);
INSERT INTO arcade.Played([time_stamp],[playtime],[points_recv],[client],[machine_no]) VALUES('2021-04-16 01:25:47','00:55:19',27,06029,92135354);
INSERT INTO arcade.Played([time_stamp],[playtime],[points_recv],[client],[machine_no]) VALUES('2021-02-21 18:40:46','00:56:30',74,06046,239183217);
INSERT INTO arcade.Played([time_stamp],[playtime],[points_recv],[client],[machine_no]) VALUES('2019-11-26 03:59:47','00:25:12',76,06040,153153424);
INSERT INTO arcade.Played([time_stamp],[playtime],[points_recv],[client],[machine_no]) VALUES('2021-01-20 02:25:58','00:03:46',161,06019,165629876);
INSERT INTO arcade.Played([time_stamp],[playtime],[points_recv],[client],[machine_no]) VALUES('2019-07-06 02:17:12','00:02:09',61,06020,292077525);
INSERT INTO arcade.Played([time_stamp],[playtime],[points_recv],[client],[machine_no]) VALUES('2021-04-06 19:10:39','00:42:01',24,06008,417341091);
INSERT INTO arcade.Played([time_stamp],[playtime],[points_recv],[client],[machine_no]) VALUES('2020-11-08 09:56:13','00:59:26',96,06048,498051513);
INSERT INTO arcade.Played([time_stamp],[playtime],[points_recv],[client],[machine_no]) VALUES('2020-04-12 13:38:19','00:59:59',16,06042,457461479);
INSERT INTO arcade.Played([time_stamp],[playtime],[points_recv],[client],[machine_no]) VALUES('2021-01-30 16:56:12','00:30:25',35,06043,417341091);
INSERT INTO arcade.Played([time_stamp],[playtime],[points_recv],[client],[machine_no]) VALUES('2019-11-26 21:15:13','00:53:35',87,06016,295938870);
INSERT INTO arcade.Played([time_stamp],[playtime],[points_recv],[client],[machine_no]) VALUES('2021-02-18 23:19:19','01:20:57',52,06002,427757008);
INSERT INTO arcade.Played([time_stamp],[playtime],[points_recv],[client],[machine_no]) VALUES('2019-06-08 01:28:09','00:30:48',172,06057,   );
INSERT INTO arcade.Played([time_stamp],[playtime],[points_recv],[client],[machine_no]) VALUES('2020-07-05 19:43:28','00:33:55',15,06051,165629876);
INSERT INTO arcade.Played([time_stamp],[playtime],[points_recv],[client],[machine_no]) VALUES('2019-06-30 21:50:24','00:59:45',40,06051,239183217);
INSERT INTO arcade.Played([time_stamp],[playtime],[points_recv],[client],[machine_no]) VALUES('2021-05-15 15:18:35','00:10:47',79,06038,153153424);
INSERT INTO arcade.Played([time_stamp],[playtime],[points_recv],[client],[machine_no]) VALUES('2020-05-30 01:57:06','00:23:35',64,06037,335544551);
INSERT INTO arcade.Played([time_stamp],[playtime],[points_recv],[client],[machine_no]) VALUES('2020-06-10 04:48:14','01:35:50',46,06020,322613989);
INSERT INTO arcade.Played([time_stamp],[playtime],[points_recv],[client],[machine_no]) VALUES('2020-07-03 00:39:35','00:27:38',132,06054,306836027);
INSERT INTO arcade.Played([time_stamp],[playtime],[points_recv],[client],[machine_no]) VALUES('2021-03-27 10:59:36','00:11:03',28,06026,236830375);
INSERT INTO arcade.Played([time_stamp],[playtime],[points_recv],[client],[machine_no]) VALUES('2020-08-11 02:20:52','00:19:09',17,06014,464200035);
INSERT INTO arcade.Played([time_stamp],[playtime],[points_recv],[client],[machine_no]) VALUES('2020-12-27 05:46:52','00:33:29',70,06059,335544551);
INSERT INTO arcade.Played([time_stamp],[playtime],[points_recv],[client],[machine_no]) VALUES('2021-03-20 10:35:58','00:17:26',48,06003,492927498);
INSERT INTO arcade.Played([time_stamp],[playtime],[points_recv],[client],[machine_no]) VALUES('2020-11-23 00:42:56','00:17:39',25,06035,182466789);
INSERT INTO arcade.Played([time_stamp],[playtime],[points_recv],[client],[machine_no]) VALUES('2019-11-08 14:59:10','00:03:13',77,06013,208263705);
INSERT INTO arcade.Played([time_stamp],[playtime],[points_recv],[client],[machine_no]) VALUES('2021-05-17 23:21:14','00:16:25',34,06023,427757008);
INSERT INTO arcade.Played([time_stamp],[playtime],[points_recv],[client],[machine_no]) VALUES('2019-11-13 05:14:28','00:12:13',134,06043,109463639);
INSERT INTO arcade.Played([time_stamp],[playtime],[points_recv],[client],[machine_no]) VALUES('2021-02-22 15:10:09','00:09:36',138,06054,188419737);
INSERT INTO arcade.Played([time_stamp],[playtime],[points_recv],[client],[machine_no]) VALUES('2020-07-23 13:48:38','00:35:14',85,06008,253212405);
INSERT INTO arcade.Played([time_stamp],[playtime],[points_recv],[client],[machine_no]) VALUES('2019-06-27 17:58:41','00:12:11',165,06041,236830375);
INSERT INTO arcade.Played([time_stamp],[playtime],[points_recv],[client],[machine_no]) VALUES('2020-06-25 18:08:42','00:13:38',55,06020,221052678);
INSERT INTO arcade.Played([time_stamp],[playtime],[points_recv],[client],[machine_no]) VALUES('2020-06-11 02:17:31','00:32:22',36,06052,421281692);
INSERT INTO arcade.Played([time_stamp],[playtime],[points_recv],[client],[machine_no]) VALUES('2021-04-24 06:09:14','00:07:53',92,06028,322613989);
INSERT INTO arcade.Played([time_stamp],[playtime],[points_recv],[client],[machine_no]) VALUES('2021-02-01 09:57:26','00:18:46',113,06008,182466789);
INSERT INTO arcade.Played([time_stamp],[playtime],[points_recv],[client],[machine_no]) VALUES('2021-03-21 11:35:45','00:12:28',62,06049,456365008);
INSERT INTO arcade.Played([time_stamp],[playtime],[points_recv],[client],[machine_no]) VALUES('2019-09-07 07:59:13','00:59:57',148,06018,208263705);
INSERT INTO arcade.Played([time_stamp],[playtime],[points_recv],[client],[machine_no]) VALUES('2020-08-07 06:15:11','00:50:26',38,06023,128170507);
INSERT INTO arcade.Played([time_stamp],[playtime],[points_recv],[client],[machine_no]) VALUES('2021-03-13 13:36:37','00:40:09',35,06033,174623275);
INSERT INTO arcade.Played([time_stamp],[playtime],[points_recv],[client],[machine_no]) VALUES('2020-12-24 08:45:06','00:47:00',78,06010,489274709);
INSERT INTO arcade.Played([time_stamp],[playtime],[points_recv],[client],[machine_no]) VALUES('2019-11-19 12:10:17','00:25:14',153,06052,498051513);
INSERT INTO arcade.Played([time_stamp],[playtime],[points_recv],[client],[machine_no]) VALUES('2019-09-12 21:39:00','01:27:13',11,06046,456365008);
INSERT INTO arcade.Played([time_stamp],[playtime],[points_recv],[client],[machine_no]) VALUES('2020-04-11 19:31:41','00:31:09',105,06026,182466789);
INSERT INTO arcade.Played([time_stamp],[playtime],[points_recv],[client],[machine_no]) VALUES('2019-11-16 19:25:20','01:28:58',108,06022,335544551);
INSERT INTO arcade.Played([time_stamp],[playtime],[points_recv],[client],[machine_no]) VALUES('2020-05-27 08:40:00','00:07:30',39,06051,118546459);
INSERT INTO arcade.Played([time_stamp],[playtime],[points_recv],[client],[machine_no]) VALUES('2020-12-30 08:27:46','01:04:33',121,06041,343137819);
INSERT INTO arcade.Played([time_stamp],[playtime],[points_recv],[client],[machine_no]) VALUES('2021-05-11 19:45:00','00:52:12',71,06024,182466789);
INSERT INTO arcade.Played([time_stamp],[playtime],[points_recv],[client],[machine_no]) VALUES('2020-03-01 10:58:40','00:33:33',84,06031,115946588);
INSERT INTO arcade.Played([time_stamp],[playtime],[points_recv],[client],[machine_no]) VALUES('2019-07-31 10:56:43','00:35:54',69,06015,424465273);
INSERT INTO arcade.Played([time_stamp],[playtime],[points_recv],[client],[machine_no]) VALUES('2019-07-20 02:39:05','00:03:34',172,06041,421281692);
INSERT INTO arcade.Played([time_stamp],[playtime],[points_recv],[client],[machine_no]) VALUES('2021-05-07 07:44:04','00:00:23',99,06021,358460515);
INSERT INTO arcade.Played([time_stamp],[playtime],[points_recv],[client],[machine_no]) VALUES('2019-06-25 19:05:40','00:30:15',61,06002,417341091);
INSERT INTO arcade.Played([time_stamp],[playtime],[points_recv],[client],[machine_no]) VALUES('2020-05-29 07:01:48','01:30:40',98,06038,455970625);
INSERT INTO arcade.Played([time_stamp],[playtime],[points_recv],[client],[machine_no]) VALUES('2020-09-22 23:05:18','02:23:44',95,06047,153153424);
INSERT INTO arcade.Played([time_stamp],[playtime],[points_recv],[client],[machine_no]) VALUES('2019-09-18 08:30:55','00:23:17',132,06013,358460515);
INSERT INTO arcade.Played([time_stamp],[playtime],[points_recv],[client],[machine_no]) VALUES('2020-10-29 01:23:25','00:45:29',62,06012,239183217);
INSERT INTO arcade.Played([time_stamp],[playtime],[points_recv],[client],[machine_no]) VALUES('2021-03-30 07:02:32','00:57:29',55,06050,161078173);
INSERT INTO arcade.Played([time_stamp],[playtime],[points_recv],[client],[machine_no]) VALUES('2020-11-19 05:20:09','01:41:22',111,06027,465604519);
INSERT INTO arcade.Played([time_stamp],[playtime],[points_recv],[client],[machine_no]) VALUES('2020-05-04 02:02:17','00:33:47',26,06034,221052678);
INSERT INTO arcade.Played([time_stamp],[playtime],[points_recv],[client],[machine_no]) VALUES('2020-04-11 17:47:47','00:14:15',90,06046,295938870);
INSERT INTO arcade.Played([time_stamp],[playtime],[points_recv],[client],[machine_no]) VALUES('2020-05-31 06:26:16','00:45:37',77,06019,128170507);
INSERT INTO arcade.Played([time_stamp],[playtime],[points_recv],[client],[machine_no]) VALUES('2020-11-02 04:02:54','01:52:22',26,06049,239183217);
INSERT INTO arcade.Played([time_stamp],[playtime],[points_recv],[client],[machine_no]) VALUES('2020-07-10 21:46:24','02:37:00',30,06016,188419737);
INSERT INTO arcade.Played([time_stamp],[playtime],[points_recv],[client],[machine_no]) VALUES('2020-04-30 07:30:10','01:49:24',72,06015,432817043);
INSERT INTO arcade.Played([time_stamp],[playtime],[points_recv],[client],[machine_no]) VALUES('2021-04-23 22:50:08','00:08:27',50,06045,280413769);
INSERT INTO arcade.Played([time_stamp],[playtime],[points_recv],[client],[machine_no]) VALUES('2020-08-28 12:37:34','00:19:43',176,06047,95368365);
INSERT INTO arcade.Played([time_stamp],[playtime],[points_recv],[client],[machine_no]) VALUES('2020-01-25 07:38:54','00:41:54',179,06014,424465273);
INSERT INTO arcade.Played([time_stamp],[playtime],[points_recv],[client],[machine_no]) VALUES('2020-06-23 12:10:51','00:29:38',175,06036,97309502);
INSERT INTO arcade.Played([time_stamp],[playtime],[points_recv],[client],[machine_no]) VALUES('2019-12-30 22:43:52','00:57:48',177,06038,457461479);
INSERT INTO arcade.Played([time_stamp],[playtime],[points_recv],[client],[machine_no]) VALUES('2019-10-02 15:16:05','00:53:41',57,06026,421281692);
INSERT INTO arcade.Played([time_stamp],[playtime],[points_recv],[client],[machine_no]) VALUES('2020-01-16 04:39:12','00:24:38',60,06002,111429151);
INSERT INTO arcade.Played([time_stamp],[playtime],[points_recv],[client],[machine_no]) VALUES('2019-05-29 17:13:01','00:51:51',23,06049,456365008);
INSERT INTO arcade.Played([time_stamp],[playtime],[points_recv],[client],[machine_no]) VALUES('2020-08-09 11:39:16','00:13:09',38,06058,489274709);
INSERT INTO arcade.Played([time_stamp],[playtime],[points_recv],[client],[machine_no]) VALUES('2020-04-30 04:10:19','00:10:08',48,06002,409665197);
INSERT INTO arcade.Played([time_stamp],[playtime],[points_recv],[client],[machine_no]) VALUES('2019-08-29 05:10:22','00:59:01',55,06018,97309502);
INSERT INTO arcade.Played([time_stamp],[playtime],[points_recv],[client],[machine_no]) VALUES('2019-06-30 19:52:08','00:18:28',179,06059,353984426);
INSERT INTO arcade.Played([time_stamp],[playtime],[points_recv],[client],[machine_no]) VALUES('2020-08-05 06:31:44','00:25:43',71,06056,299218440);
INSERT INTO arcade.Played([time_stamp],[playtime],[points_recv],[client],[machine_no]) VALUES('2019-11-15 04:34:33','00:11:58',113,06031,188419737);
INSERT INTO arcade.Played([time_stamp],[playtime],[points_recv],[client],[machine_no]) VALUES('2020-05-22 23:53:57','00:55:30',116,06050,432817043);
INSERT INTO arcade.Played([time_stamp],[playtime],[points_recv],[client],[machine_no]) VALUES('2020-03-11 00:13:45','00:25:38',73,06058,153153424);
INSERT INTO arcade.Played([time_stamp],[playtime],[points_recv],[client],[machine_no]) VALUES('2021-05-21 09:45:31','00:12:26',18,06057,239183217);
INSERT INTO arcade.Played([time_stamp],[playtime],[points_recv],[client],[machine_no]) VALUES('2020-09-14 10:50:12','00:14:58',127,06055,111429151);
INSERT INTO arcade.Played([time_stamp],[playtime],[points_recv],[client],[machine_no]) VALUES('2020-01-09 19:12:16','00:44:13',129,06019,455970625);
INSERT INTO arcade.Played([time_stamp],[playtime],[points_recv],[client],[machine_no]) VALUES('2020-01-28 18:17:19','00:23:25',47,06043,92135354);
INSERT INTO arcade.Played([time_stamp],[playtime],[points_recv],[client],[machine_no]) VALUES('2020-10-04 06:59:05','00:20:37',17,06036,115946588);
INSERT INTO arcade.Played([time_stamp],[playtime],[points_recv],[client],[machine_no]) VALUES('2019-11-15 14:00:14','00:05:04',107,06058,335544551);
INSERT INTO arcade.Played([time_stamp],[playtime],[points_recv],[client],[machine_no]) VALUES('2019-12-12 00:37:38','00:33:09',123,06020,322613989);
INSERT INTO arcade.Played([time_stamp],[playtime],[points_recv],[client],[machine_no]) VALUES('2020-09-27 10:36:49','00:18:54',155,06008,113184899);
INSERT INTO arcade.Played([time_stamp],[playtime],[points_recv],[client],[machine_no]) VALUES('2021-02-15 10:56:19','00:20:47',16,06033,417341091);
