--STORE

INSERT INTO arcade.Store([store_id],[store_location]) VALUES(01000,'Ap #772-6372 Blandit Rd.');
INSERT INTO arcade.Store([store_id],[store_location]) VALUES(01001,'Ap #633-2998 Vitae Street');
INSERT INTO arcade.Store([store_id],[store_location]) VALUES(01002,'P.O. Box 296, 7332 Amet, Street');
INSERT INTO arcade.Store([store_id],[store_location]) VALUES(01003,'P.O. Box 360, 1094 Mauris Ave');
--INSERT INTO Store([store_id],[store_location]) VALUES(01004,'3599 Tellus Street');
--INSERT INTO Store([store_id],[store_location]) VALUES(01005,'Ap #859-1115 Sem Av.');

--GAME

INSERT INTO arcade.Game([game_id],[game_name],[publisher_id],[point_value],[credit_cost],[no_players]) VALUES(04000,'Donkey Kong','03000','1','1','1');
INSERT INTO arcade.Game([game_id],[game_name],[publisher_id],[point_value],[credit_cost],[no_players]) VALUES(04001,'Mortal Kombat ','03001','2','1','1');
INSERT INTO arcade.Game([game_id],[game_name],[publisher_id],[point_value],[credit_cost],[no_players]) VALUES(04002,'Mortal Kombat II','03004','3','2','1');
INSERT INTO arcade.Game([game_id],[game_name],[publisher_id],[point_value],[credit_cost],[no_players]) VALUES(04003,'Space Invaders','03006','0','2','2');
INSERT INTO arcade.Game([game_id],[game_name],[publisher_id],[point_value],[credit_cost],[no_players]) VALUES(04004,'Asteroids','03003','4','3','1');
INSERT INTO arcade.Game([game_id],[game_name],[publisher_id],[point_value],[credit_cost],[no_players]) VALUES(04005,'Pong','03008','5','3','3');
INSERT INTO arcade.Game([game_id],[game_name],[publisher_id],[point_value],[credit_cost],[no_players]) VALUES(04006,'Street Fighter 2','0301','6','1','1');
INSERT INTO arcade.Game([game_id],[game_name],[publisher_id],[point_value],[credit_cost],[no_players]) VALUES(04007,'Tetris','03015','7','1','2');
INSERT INTO arcade.Game([game_id],[game_name],[publisher_id],[point_value],[credit_cost],[no_players]) VALUES(04008,'Galaga','03017','10','2','1');
INSERT INTO arcade.Game([game_id],[game_name],[publisher_id],[point_value],[credit_cost],[no_players]) VALUES(04009,'Astro','03018','1','2','1');
INSERT INTO arcade.Game([game_id],[game_name],[publisher_id],[point_value],[credit_cost],[no_players]) VALUES(04010,'Guitar Hero Arcade','03013','2','3','1');
INSERT INTO arcade.Game([game_id],[game_name],[publisher_id],[point_value],[credit_cost],[no_players]) VALUES(04011,'Mario Bros.','03012','3','3','2');
INSERT INTO arcade.Game([game_id],[game_name],[publisher_id],[point_value],[credit_cost],[no_players]) VALUES(04012,'Joust','03018','4','1','1');
INSERT INTO arcade.Game([game_id],[game_name],[publisher_id],[point_value],[credit_cost],[no_players]) VALUES(04013,'Fix-It Ralph','03001','1','1','3');
INSERT INTO arcade.Game([game_id],[game_name],[publisher_id],[point_value],[credit_cost],[no_players]) VALUES(04014,'Tron','03002','1','2','1');
INSERT INTO arcade.Game([game_id],[game_name],[publisher_id],[point_value],[credit_cost],[no_players]) VALUES(04015,'Punch-Out!','03003','0','2','2');
INSERT INTO arcade.Game([game_id],[game_name],[publisher_id],[point_value],[credit_cost],[no_players]) VALUES(04016,'WarioWare','03004','2','3','1');
INSERT INTO arcade.Game([game_id],[game_name],[publisher_id],[point_value],[credit_cost],[no_players]) VALUES(04017,'Q*Bert','03005','1','3','1');
INSERT INTO arcade.Game([game_id],[game_name],[publisher_id],[point_value],[credit_cost],[no_players]) VALUES(04018,'Broforce','03005','2','1','1');
INSERT INTO arcade.Game([game_id],[game_name],[publisher_id],[point_value],[credit_cost],[no_players]) VALUES(04019,'Duck Hunt','03006','3','1','2');
INSERT INTO arcade.Game([game_id],[game_name],[publisher_id],[point_value],[credit_cost],[no_players]) VALUES(04020,'SEGA Racing','03007','0','2','1');
INSERT INTO arcade.Game([game_id],[game_name],[publisher_id],[point_value],[credit_cost],[no_players]) VALUES(04021,'OutRun','03008','4','2','3');
INSERT INTO arcade.Game([game_id],[game_name],[publisher_id],[point_value],[credit_cost],[no_players]) VALUES(04022,'Moon Patrol','03009','5','3','1');
INSERT INTO arcade.Game([game_id],[game_name],[publisher_id],[point_value],[credit_cost],[no_players]) VALUES(04023,'Gauntlet Legends','03010','6','3','2');
INSERT INTO arcade.Game([game_id],[game_name],[publisher_id],[point_value],[credit_cost],[no_players]) VALUES(04024,'Golden Axe','03011','7','1','1');
INSERT INTO arcade.Game([game_id],[game_name],[publisher_id],[point_value],[credit_cost],[no_players]) VALUES(04025,'Bad Dudes vs Dragon Ninja','03011','10','1','1');
INSERT INTO arcade.Game([game_id],[game_name],[publisher_id],[point_value],[credit_cost],[no_players]) VALUES(04026,'Dance Dance Revolution','03012','1','2','1');
INSERT INTO arcade.Game([game_id],[game_name],[publisher_id],[point_value],[credit_cost],[no_players]) VALUES(04027,'Friday Night Funkin','03013','2','2','2');
INSERT INTO arcade.Game([game_id],[game_name],[publisher_id],[point_value],[credit_cost],[no_players]) VALUES(04028,'Space Duel','03014','3','3','1');
INSERT INTO arcade.Game([game_id],[game_name],[publisher_id],[point_value],[credit_cost],[no_players]) VALUES(04029,'Super Smash Bros Melee','03015','4','3','3');
INSERT INTO arcade.Game([game_id],[game_name],[publisher_id],[point_value],[credit_cost],[no_players]) VALUES(04030,'Fix-It Felix Jr','03016','1','1','1');
INSERT INTO arcade.Game([game_id],[game_name],[publisher_id],[point_value],[credit_cost],[no_players]) VALUES(04031,'Stellaris','03017','1','1','2');
INSERT INTO arcade.Game([game_id],[game_name],[publisher_id],[point_value],[credit_cost],[no_players]) VALUES(04032,'PaperBoy','03018','0','2','1');
INSERT INTO arcade.Game([game_id],[game_name],[publisher_id],[point_value],[credit_cost],[no_players]) VALUES(04033,'Waterboy and Firegirl','03020','2','2','1');
INSERT INTO arcade.Game([game_id],[game_name],[publisher_id],[point_value],[credit_cost],[no_players]) VALUES(04034,'Streets of Rage 2','03019','1','3','1');
INSERT INTO arcade.Game([game_id],[game_name],[publisher_id],[point_value],[credit_cost],[no_players]) VALUES(04035,'ToeJam & Earl','03016','2','3','2');
INSERT INTO arcade.Game([game_id],[game_name],[publisher_id],[point_value],[credit_cost],[no_players]) VALUES(04036,'Puyo Puyo','03013','3','1','1');
INSERT INTO arcade.Game([game_id],[game_name],[publisher_id],[point_value],[credit_cost],[no_players]) VALUES(04037,'モンスターハンター','03002','0','1','3');
INSERT INTO arcade.Game([game_id],[game_name],[publisher_id],[point_value],[credit_cost],[no_players]) VALUES(04038,'ジョジョの奇妙な冒険','03005','0','1','2');
INSERT INTO arcade.Game([game_id],[game_name],[publisher_id],[point_value],[credit_cost],[no_players]) VALUES(04039,'Mario Kart Arcade','03008','0','1','2');
INSERT INTO arcade.Game([game_id],[game_name],[publisher_id],[point_value],[credit_cost],[no_players]) VALUES(04040,'The Elder Scrolls V: Skyrim Arcade Ver.','03003','0','1','2');

--Prizes0

INSERT INTO  arcade.Prize([pri_id],[pri_name],[pri_price],[no_available],[store_id]) VALUES(07000,'Branded Snack','15','53','01001');
INSERT INTO  arcade.Prize([pri_id],[pri_name],[pri_price],[no_available],[store_id]) VALUES(07001,'Funko Pop','25','22','01003');
INSERT INTO  arcade.Prize([pri_id],[pri_name],[pri_price],[no_available],[store_id]) VALUES(07002,'Nintendo Plushie','50','20','01002');
INSERT INTO  arcade.Prize([pri_id],[pri_name],[pri_price],[no_available],[store_id]) VALUES(07003,'Lifesize Snorlax Plushie','100','3','01003');
INSERT INTO  arcade.Prize([pri_id],[pri_name],[pri_price],[no_available],[store_id]) VALUES(07004,'Random Pocky Box','15','30','01003');
INSERT INTO  arcade.Prize([pri_id],[pri_name],[pri_price],[no_available],[store_id]) VALUES(07005,'Round Pins','15','50','01002');
INSERT INTO  arcade.Prize([pri_id],[pri_name],[pri_price],[no_available],[store_id]) VALUES(07006,'Pikachu Hat','25','10','01000');
INSERT INTO  arcade.Prize([pri_id],[pri_name],[pri_price],[no_available],[store_id]) VALUES(07007,'Anime figurine','50','15','01001');
INSERT INTO  arcade.Prize([pri_id],[pri_name],[pri_price],[no_available],[store_id]) VALUES(07008,'Bargain Bin Videogame','100','10','01001');
INSERT INTO  arcade.Prize([pri_id],[pri_name],[pri_price],[no_available],[store_id]) VALUES(07009,'Funky Keyring','15','30','01002');
INSERT INTO  arcade.Prize([pri_id],[pri_name],[pri_price],[no_available],[store_id]) VALUES(07010,'Colorful Phone Charm','15','32','01002');

--Employees

INSERT INTO  arcade.Employee([emp_no],[emp_name],[emp_address],[email],[salary],[phone_no],[NIF],[schedule],[store]) VALUES(12000,'Constance Rios','733 Non, Street','a@lacuspedesagittis.net',852,'(+351) 933293077','102137183','08001','01004');
INSERT INTO  arcade.Employee([emp_no],[emp_name],[emp_address],[email],[salary],[phone_no],[NIF],[schedule],[store]) VALUES(12001,'Yardley Lowe','P.O. Box 350, 7819 Pede Road','sollicitudin.commodo.ipsum@sedturpisnec.org',1256,'(+351) 941979762','273679664','08002','01004');
INSERT INTO  arcade.Employee([emp_no],[emp_name],[emp_address],[email],[salary],[phone_no],[NIF],[schedule],[store]) VALUES(12002,'Jolene Mcdowell','4031 Magna St.','Cras.lorem.lorem@viverra.co.uk',1376,'(+351) 935020574','092082933','08003','01003');
INSERT INTO  arcade.Employee([emp_no],[emp_name],[emp_address],[email],[salary],[phone_no],[NIF],[schedule],[store]) VALUES(12003,'Eric Chang','929-3629 Pede, Street','amet@laciniaat.ca',989,'(+351) 901099988','150955761','08004','01003');
INSERT INTO  arcade.Employee([emp_no],[emp_name],[emp_address],[email],[salary],[phone_no],[NIF],[schedule],[store]) VALUES(12004,'Octavia Warner','P.O. Box 918, 3955 Eget St.','luctus.vulputate.nisi@convallisconvallisdolor.com',1233,'(+351) 976324186','707161515','08005','01002');
INSERT INTO  arcade.Employee([emp_no],[emp_name],[emp_address],[email],[salary],[phone_no],[NIF],[schedule],[store]) VALUES(12005,'Orson C. Cross','Ap #795-1440 Nunc Rd.','magna.a@aliquet.edu',1309,'(+351) 976537034','020068229','08006','01002');
INSERT INTO  arcade.Employee([emp_no],[emp_name],[emp_address],[email],[salary],[phone_no],[NIF],[schedule],[store]) VALUES(12006,'Maisie T. Blevins','P.O. Box 174, 1371 Risus, Rd.','amet.consectetuer.adipiscing@metus.com',920,'(+351) 930827635','485396276','08007','01001');
INSERT INTO  arcade.Employee([emp_no],[emp_name],[emp_address],[email],[salary],[phone_no],[NIF],[schedule],[store]) VALUES(12007,'Alika N. Baldwin','Ap #270-3314 Iaculis, Rd.','libero@egestasadui.org',907,'(+351) 934558784','788963219','08008','01001');
INSERT INTO  arcade.Employee([emp_no],[emp_name],[emp_address],[email],[salary],[phone_no],[NIF],[schedule],[store]) VALUES(12008,'Sylvia F. Ortiz','2839 Mauris St.','sem@vitae.ca',1458,'(+351) 920598080','969621015','08009','01000');
INSERT INTO  arcade.Employee([emp_no],[emp_name],[emp_address],[email],[salary],[phone_no],[NIF],[schedule],[store]) VALUES(12009,'Kay N. Burris','595-829 Torquent Street','velit.Sed.malesuada@nequetellus.co.uk',859,'(+351) 914370147','115576100','08001','01000');
INSERT INTO  arcade.Employee([emp_no],[emp_name],[emp_address],[email],[salary],[phone_no],[NIF],[schedule],[store]) VALUES(12010,'Shafira D. Roberts','Ap #394-4826 Arcu St.','a.auctor.non@risus.co.uk',1413,'(+351) 944543604','782981013','08002','01000');
INSERT INTO  arcade.Employee([emp_no],[emp_name],[emp_address],[email],[salary],[phone_no],[NIF],[schedule],[store]) VALUES(12011,'Acton I. Macdonald','Ap #120-9361 Phasellus Avenue','augue.porttitor.interdum@elitpellentesque.edu',1229,'(+351) 993610796','485368428','08006','01004');
INSERT INTO  arcade.Employee([emp_no],[emp_name],[emp_address],[email],[salary],[phone_no],[NIF],[schedule],[store]) VALUES(12012,'Beck Boone','594-4120 Elit. Road','vulputate.posuere.vulputate@vulputatevelit.ca',1369,'(+351) 975327458','881451846','08004','01004');
INSERT INTO  arcade.Employee([emp_no],[emp_name],[emp_address],[email],[salary],[phone_no],[NIF],[schedule],[store]) VALUES(12013,'Alan O. Alston','P.O. Box 775, 5699 Eget Street','Quisque.varius@interdumfeugiatSed.net',1257,'(+351) 977636129','207101169','08003','01003');
INSERT INTO  arcade.Employee([emp_no],[emp_name],[emp_address],[email],[salary],[phone_no],[NIF],[schedule],[store]) VALUES(12014,'Rama Weaver','565-7138 Malesuada Street','lectus@torquentperconubia.org',1265,'(+351) 987687711','148536013','08007','01003');
INSERT INTO  arcade.Employee([emp_no],[emp_name],[emp_address],[email],[salary],[phone_no],[NIF],[schedule],[store]) VALUES(12015,'Lee U. Melendez','P.O. Box 895, 2086 Magna. Rd.','sit.amet.ante@Pellentesque.ca',1452,'(+351) 959231038','026625226','08002','01002');
INSERT INTO  arcade.Employee([emp_no],[emp_name],[emp_address],[email],[salary],[phone_no],[NIF],[schedule],[store]) VALUES(12016,'Autumn Y. Meyer','Ap #303-7153 Luctus Street','malesuada@Crassed.net',1231,'(+351) 949733160','264064926','08008','01001');
INSERT INTO  arcade.Employee([emp_no],[emp_name],[emp_address],[email],[salary],[phone_no],[NIF],[schedule],[store]) VALUES(12017,'Roary V. Santana','1805 Dis St.','risus@egestasblanditNam.co.uk',902,'(+351) 976572163','746123218','08006','01001');
INSERT INTO  arcade.Employee([emp_no],[emp_name],[emp_address],[email],[salary],[phone_no],[NIF],[schedule],[store]) VALUES(12018,'Colt Cruz','881-5605 Vivamus Street','Phasellus.dolor.elit@nullaInteger.edu',1093,'(+351) 934688478','700622671','08004','01002');
INSERT INTO  arcade.Employee([emp_no],[emp_name],[emp_address],[email],[salary],[phone_no],[NIF],[schedule],[store]) VALUES(12019,'Quinn S. Calderon','P.O. Box 183, 9993 Placerat. Avenue','tempor@malesuadaiderat.edu',1367,'(+351) 922921661','364681056','08007','01002');
INSERT INTO  arcade.Employee([emp_no],[emp_name],[emp_address],[email],[salary],[phone_no],[NIF],[schedule],[store]) VALUES(12020,'Madaline Valencia','Ap #193-8022 Odio Road','pede.Praesent@Cras.edu',977,'(+351) 937053317','143495753','08003','01003');
INSERT INTO  arcade.Employee([emp_no],[emp_name],[emp_address],[email],[salary],[phone_no],[NIF],[schedule],[store]) VALUES(12021,'Callum Fuentes','Ap #259-7358 Porta Avenue','dignissim@enimSednulla.net',813,'(+351) 985355244','714201683','08007','01003');


--Maintained Logs
INSERT INTO  arcade.Maintained([maint_id],[employee],[machine_no],[time_stamp]) VALUES(15000,'12000','05xxx','2005-08-18 08:42:15');
INSERT INTO  arcade.Maintained([maint_id],[employee],[machine_no],[time_stamp]) VALUES(15001,'12001','05xxx','2020-08-28 00:37:16');
INSERT INTO  arcade.Maintained([maint_id],[employee],[machine_no],[time_stamp]) VALUES(15002,'12002','05xxx','2010-10-06 20:51:01');
INSERT INTO  arcade.Maintained([maint_id],[employee],[machine_no],[time_stamp]) VALUES(15003,'12003','05xxx','2005-06-26 08:12:37');
INSERT INTO  arcade.Maintained([maint_id],[employee],[machine_no],[time_stamp]) VALUES(15004,'12004','05xxx','2006-08-19 12:02:43');
INSERT INTO  arcade.Maintained([maint_id],[employee],[machine_no],[time_stamp]) VALUES(15005,'12005','05xxx','2007-03-02 20:00:05');
INSERT INTO  arcade.Maintained([maint_id],[employee],[machine_no],[time_stamp]) VALUES(15006,'12021','05xxx','2011-11-12 06:47:14');
INSERT INTO  arcade.Maintained([maint_id],[employee],[machine_no],[time_stamp]) VALUES(15007,'12020','05xxx','2016-09-21 10:25:52');
INSERT INTO  arcade.Maintained([maint_id],[employee],[machine_no],[time_stamp]) VALUES(15008,'12004','05xxx','2011-09-03 05:27:11');
INSERT INTO  arcade.Maintained([maint_id],[employee],[machine_no],[time_stamp]) VALUES(15009,'12003','05xxx','2003-09-22 06:46:46');
INSERT INTO  arcade.Maintained([maint_id],[employee],[machine_no],[time_stamp]) VALUES(15010,'12001','05xxx','2013-07-02 13:53:09');
INSERT INTO  arcade.Maintained([maint_id],[employee],[machine_no],[time_stamp]) VALUES(15011,'12007','05xxx','2021-05-23 02:32:50');
INSERT INTO  arcade.Maintained([maint_id],[employee],[machine_no],[time_stamp]) VALUES(15012,'12003','05xxx','2021-04-21 04:41:17');
INSERT INTO  arcade.Maintained([maint_id],[employee],[machine_no],[time_stamp]) VALUES(15013,'12014','05xxx','2009-01-20 23:29:03');
INSERT INTO  arcade.Maintained([maint_id],[employee],[machine_no],[time_stamp]) VALUES(15014,'12015','05xxx','2012-10-05 14:25:18');
INSERT INTO  arcade.Maintained([maint_id],[employee],[machine_no],[time_stamp]) VALUES(15015,'12014','05xxx','2021-09-15 13:52:13');
INSERT INTO  arcade.Maintained([maint_id],[employee],[machine_no],[time_stamp]) VALUES(15016,'12014','05xxx','2009-10-07 02:34:39');
INSERT INTO  arcade.Maintained([maint_id],[employee],[machine_no],[time_stamp]) VALUES(15017,'12016','05xxx','2022-02-17 18:21:32');
INSERT INTO  arcade.Maintained([maint_id],[employee],[machine_no],[time_stamp]) VALUES(15018,'12017','05xxx','2014-06-28 12:43:39');
INSERT INTO  arcade.Maintained([maint_id],[employee],[machine_no],[time_stamp]) VALUES(15019,'12020','05xxx','2015-01-16 17:11:11');
INSERT INTO  arcade.Maintained([maint_id],[employee],[machine_no],[time_stamp]) VALUES(15020,'12021','05xxx','2018-04-14 22:27:49');
INSERT INTO  arcade.Maintained([maint_id],[employee],[machine_no],[time_stamp]) VALUES(15021,'12022','05xxx','2007-01-19 20:48:21');
INSERT INTO  arcade.Maintained([maint_id],[employee],[machine_no],[time_stamp]) VALUES(15022,'12020','05xxx','2016-08-11 11:02:37');
INSERT INTO  arcade.Maintained([maint_id],[employee],[machine_no],[time_stamp]) VALUES(15023,'12018','05xxx','2016-03-06 05:31:18');
INSERT INTO  arcade.Maintained([maint_id],[employee],[machine_no],[time_stamp]) VALUES(15024,'12018','05xxx','2009-07-01 12:28:38');
INSERT INTO  arcade.Maintained([maint_id],[employee],[machine_no],[time_stamp]) VALUES(15025,'12018','05xxx','2020-12-30 04:59:17');
INSERT INTO  arcade.Maintained([maint_id],[employee],[machine_no],[time_stamp]) VALUES(15026,'12014','05xxx','2011-07-25 14:45:33');
INSERT INTO  arcade.Maintained([maint_id],[employee],[machine_no],[time_stamp]) VALUES(15027,'12014','05xxx','2010-11-24 19:51:00');
INSERT INTO  arcade.Maintained([maint_id],[employee],[machine_no],[time_stamp]) VALUES(15028,'12014','05xxx','2013-12-03 12:17:25');
INSERT INTO  arcade.Maintained([maint_id],[employee],[machine_no],[time_stamp]) VALUES(15029,'12015','05xxx','2007-01-18 04:16:11');
INSERT INTO  arcade.Maintained([maint_id],[employee],[machine_no],[time_stamp]) VALUES(15030,'12015','05xxx','2009-04-01 02:12:00');
INSERT INTO  arcade.Maintained([maint_id],[employee],[machine_no],[time_stamp]) VALUES(15031,'12015','05xxx','2008-05-04 19:11:31');
INSERT INTO  arcade.Maintained([maint_id],[employee],[machine_no],[time_stamp]) VALUES(15032,'12015','05xxx','2003-08-10 15:31:57');
INSERT INTO  arcade.Maintained([maint_id],[employee],[machine_no],[time_stamp]) VALUES(15033,'12012','05xxx','2015-08-22 20:00:07');
INSERT INTO  arcade.Maintained([maint_id],[employee],[machine_no],[time_stamp]) VALUES(15034,'12012','05xxx','2006-05-19 00:22:21');
INSERT INTO  arcade.Maintained([maint_id],[employee],[machine_no],[time_stamp]) VALUES(15035,'12012','05xxx','2007-02-02 22:29:53');
INSERT INTO  arcade.Maintained([maint_id],[employee],[machine_no],[time_stamp]) VALUES(15036,'12000','05xxx','2018-10-20 00:27:17');
INSERT INTO  arcade.Maintained([maint_id],[employee],[machine_no],[time_stamp]) VALUES(15037,'12000','05xxx','2004-08-29 13:07:40');
INSERT INTO  arcade.Maintained([maint_id],[employee],[machine_no],[time_stamp]) VALUES(15038,'12000','05xxx','2016-04-13 16:55:50');
INSERT INTO  arcade.Maintained([maint_id],[employee],[machine_no],[time_stamp]) VALUES(15039,'12001','05xxx','2009-08-16 17:37:59');
INSERT INTO  arcade.Maintained([maint_id],[employee],[machine_no],[time_stamp]) VALUES(15040,'12001','05xxx','2007-03-12 21:29:58');
INSERT INTO  arcade.Maintained([maint_id],[employee],[machine_no],[time_stamp]) VALUES(15041,'12001','05xxx','2018-05-19 20:19:26');
INSERT INTO  arcade.Maintained([maint_id],[employee],[machine_no],[time_stamp]) VALUES(15042,'12001','05xxx','2003-12-24 05:54:09');
INSERT INTO  arcade.Maintained([maint_id],[employee],[machine_no],[time_stamp]) VALUES(15043,'12002','05xxx','2008-02-29 17:34:18');
INSERT INTO  arcade.Maintained([maint_id],[employee],[machine_no],[time_stamp]) VALUES(15044,'12002','05xxx','2017-12-19 16:45:50');
INSERT INTO  arcade.Maintained([maint_id],[employee],[machine_no],[time_stamp]) VALUES(15045,'12002','05xxx','2005-07-03 11:06:42');
INSERT INTO  arcade.Maintained([maint_id],[employee],[machine_no],[time_stamp]) VALUES(15046,'12002','05xxx','2022-03-28 21:49:29');
INSERT INTO  arcade.Maintained([maint_id],[employee],[machine_no],[time_stamp]) VALUES(15047,'12003','05xxx','2005-12-30 19:48:19');
INSERT INTO  arcade.Maintained([maint_id],[employee],[machine_no],[time_stamp]) VALUES(15048,'12003','05xxx','2017-09-12 13:00:30');
INSERT INTO  arcade.Maintained([maint_id],[employee],[machine_no],[time_stamp]) VALUES(15049,'12003','05xxx','2011-02-19 12:44:24');
INSERT INTO  arcade.Maintained([maint_id],[employee],[machine_no],[time_stamp]) VALUES(15050,'12003','05xxx','2019-08-24 05:10:46');
INSERT INTO  arcade.Maintained([maint_id],[employee],[machine_no],[time_stamp]) VALUES(15051,'12004','05xxx','2008-11-17 12:18:51');
INSERT INTO  arcade.Maintained([maint_id],[employee],[machine_no],[time_stamp]) VALUES(15052,'12004','05xxx','2012-04-15 01:10:24');
INSERT INTO  arcade.Maintained([maint_id],[employee],[machine_no],[time_stamp]) VALUES(15053,'12004','05xxx','2014-03-27 16:54:01');
INSERT INTO  arcade.Maintained([maint_id],[employee],[machine_no],[time_stamp]) VALUES(15054,'12004','05xxx','2019-09-23 01:06:53');
INSERT INTO  arcade.Maintained([maint_id],[employee],[machine_no],[time_stamp]) VALUES(15055,'12007','05xxx','2007-12-20 01:36:57');
INSERT INTO  arcade.Maintained([maint_id],[employee],[machine_no],[time_stamp]) VALUES(15056,'12007','05xxx','2017-12-11 17:02:35');
INSERT INTO  arcade.Maintained([maint_id],[employee],[machine_no],[time_stamp]) VALUES(15057,'12007','05xxx','2018-01-13 11:00:15');
INSERT INTO  arcade.Maintained([maint_id],[employee],[machine_no],[time_stamp]) VALUES(15058,'12007','05xxx','2011-10-01 15:49:07');
INSERT INTO  arcade.Maintained([maint_id],[employee],[machine_no],[time_stamp]) VALUES(15059,'12007','05xxx','2009-11-14 11:49:31');
INSERT INTO  arcade.Maintained([maint_id],[employee],[machine_no],[time_stamp]) VALUES(15060,'12007','05xxx','2014-05-13 22:45:38');
INSERT INTO  arcade.Maintained([maint_id],[employee],[machine_no],[time_stamp]) VALUES(15061,'12005','05xxx','2011-12-23 06:24:57');
INSERT INTO  arcade.Maintained([maint_id],[employee],[machine_no],[time_stamp]) VALUES(15062,'12005','05xxx','2015-02-18 05:37:28');
INSERT INTO  arcade.Maintained([maint_id],[employee],[machine_no],[time_stamp]) VALUES(15063,'12005','05xxx','2012-07-01 00:21:26');
INSERT INTO  arcade.Maintained([maint_id],[employee],[machine_no],[time_stamp]) VALUES(15064,'12005','05xxx','2020-11-18 20:14:46');
INSERT INTO  arcade.Maintained([maint_id],[employee],[machine_no],[time_stamp]) VALUES(15065,'12005','05xxx','2013-01-14 23:43:53');
INSERT INTO  arcade.Maintained([maint_id],[employee],[machine_no],[time_stamp]) VALUES(15066,'12005','05xxx','2006-06-05 07:46:15');
INSERT INTO  arcade.Maintained([maint_id],[employee],[machine_no],[time_stamp]) VALUES(15067,'12006','05xxx','2008-08-25 14:29:52');
INSERT INTO  arcade.Maintained([maint_id],[employee],[machine_no],[time_stamp]) VALUES(15068,'12006','05xxx','2022-01-20 22:35:30');
INSERT INTO  arcade.Maintained([maint_id],[employee],[machine_no],[time_stamp]) VALUES(15069,'12006','05xxx','2020-03-11 19:38:24');
INSERT INTO  arcade.Maintained([maint_id],[employee],[machine_no],[time_stamp]) VALUES(15070,'12006','05xxx','2007-03-17 17:29:55');
INSERT INTO  arcade.Maintained([maint_id],[employee],[machine_no],[time_stamp]) VALUES(15071,'12006','05xxx','2021-04-02 00:54:10');
INSERT INTO  arcade.Maintained([maint_id],[employee],[machine_no],[time_stamp]) VALUES(15072,'12007','05xxx','2006-01-09 15:20:02');
INSERT INTO  arcade.Maintained([maint_id],[employee],[machine_no],[time_stamp]) VALUES(15073,'12007','05xxx','2019-03-18 12:39:43');
INSERT INTO  arcade.Maintained([maint_id],[employee],[machine_no],[time_stamp]) VALUES(15074,'12007','05xxx','2004-01-07 07:47:48');
INSERT INTO  arcade.Maintained([maint_id],[employee],[machine_no],[time_stamp]) VALUES(15075,'12007','05xxx','2002-05-02 21:59:06');
INSERT INTO  arcade.Maintained([maint_id],[employee],[machine_no],[time_stamp]) VALUES(15076,'12008','05xxx','2011-11-03 23:14:37');
INSERT INTO  arcade.Maintained([maint_id],[employee],[machine_no],[time_stamp]) VALUES(15077,'12008','05xxx','2013-04-11 20:36:08');
INSERT INTO  arcade.Maintained([maint_id],[employee],[machine_no],[time_stamp]) VALUES(15078,'12008','05xxx','2007-05-14 14:21:22');
INSERT INTO  arcade.Maintained([maint_id],[employee],[machine_no],[time_stamp]) VALUES(15079,'12008','05xxx','2019-09-12 10:55:12');
INSERT INTO  arcade.Maintained([maint_id],[employee],[machine_no],[time_stamp]) VALUES(15080,'12008','05xxx','2009-01-21 04:58:51');
INSERT INTO  arcade.Maintained([maint_id],[employee],[machine_no],[time_stamp]) VALUES(15081,'12008','05xxx','2021-08-23 07:43:59');
INSERT INTO  arcade.Maintained([maint_id],[employee],[machine_no],[time_stamp]) VALUES(15082,'12009','05xxx','2022-02-02 22:01:39');
INSERT INTO  arcade.Maintained([maint_id],[employee],[machine_no],[time_stamp]) VALUES(15083,'12009','05xxx','2019-11-12 07:45:59');
INSERT INTO  arcade.Maintained([maint_id],[employee],[machine_no],[time_stamp]) VALUES(15084,'12009','05xxx','2011-10-17 07:56:39');
INSERT INTO  arcade.Maintained([maint_id],[employee],[machine_no],[time_stamp]) VALUES(15085,'12009','05xxx','2016-03-14 13:51:14');
INSERT INTO  arcade.Maintained([maint_id],[employee],[machine_no],[time_stamp]) VALUES(15086,'12009','05xxx','2011-06-30 21:55:40');
INSERT INTO  arcade.Maintained([maint_id],[employee],[machine_no],[time_stamp]) VALUES(15087,'12009','05xxx','2005-11-06 05:09:39');
INSERT INTO  arcade.Maintained([maint_id],[employee],[machine_no],[time_stamp]) VALUES(15088,'12010','05xxx','2020-02-28 00:09:54');
INSERT INTO  arcade.Maintained([maint_id],[employee],[machine_no],[time_stamp]) VALUES(15089,'12010','05xxx','2005-07-02 10:20:09');
INSERT INTO  arcade.Maintained([maint_id],[employee],[machine_no],[time_stamp]) VALUES(15090,'12010','05xxx','2013-10-22 01:16:46');
INSERT INTO  arcade.Maintained([maint_id],[employee],[machine_no],[time_stamp]) VALUES(15091,'12010','05xxx','2013-12-26 18:26:10');
INSERT INTO  arcade.Maintained([maint_id],[employee],[machine_no],[time_stamp]) VALUES(15092,'12010','05xxx','2005-03-03 21:47:14');
INSERT INTO  arcade.Maintained([maint_id],[employee],[machine_no],[time_stamp]) VALUES(15093,'12011','05xxx','2014-11-04 07:54:13');
INSERT INTO  arcade.Maintained([maint_id],[employee],[machine_no],[time_stamp]) VALUES(15094,'12011','05xxx','2010-12-25 07:48:01');
INSERT INTO  arcade.Maintained([maint_id],[employee],[machine_no],[time_stamp]) VALUES(15095,'12011','05xxx','2015-01-28 13:24:19');
INSERT INTO  arcade.Maintained([maint_id],[employee],[machine_no],[time_stamp]) VALUES(15096,'12011','05xxx','2004-02-28 11:02:53');
INSERT INTO  arcade.Maintained([maint_id],[employee],[machine_no],[time_stamp]) VALUES(15097,'12011','05xxx','2021-02-08 22:39:52');
INSERT INTO  arcade.Maintained([maint_id],[employee],[machine_no],[time_stamp]) VALUES(15098,'12011','05xxx','2019-12-30 09:40:17');
INSERT INTO  arcade.Maintained([maint_id],[employee],[machine_no],[time_stamp]) VALUES(15099,'12013','05xxx','2017-12-18 05:51:38');

--ToppedUp arcade.

INSERT INTO  arcade.ToppedUp([employee],[client],[cost],[time_stamp],[credits]) VALUES('12015',06001,'0.50','2021-10-05 04:27:24','1');
INSERT INTO  arcade.ToppedUp([employee],[client],[cost],[time_stamp],[credits]) VALUES('12015',06002,'0.50','2021-06-15 06:58:49','1');
INSERT INTO  arcade.ToppedUp([employee],[client],[cost],[time_stamp],[credits]) VALUES('12015',06003,'1','2021-01-25 13:16:31','2');
INSERT INTO  arcade.ToppedUp([employee],[client],[cost],[time_stamp],[credits]) VALUES('12015',06004,'1','2022-04-23 09:05:48','2');
INSERT INTO  arcade.ToppedUp([employee],[client],[cost],[time_stamp],[credits]) VALUES('12015',06005,'1.50','2021-04-27 14:04:53','3');
INSERT INTO  arcade.ToppedUp([employee],[client],[cost],[time_stamp],[credits]) VALUES('12016',06006,'1.50','2020-08-01 21:24:33','3');
INSERT INTO  arcade.ToppedUp([employee],[client],[cost],[time_stamp],[credits]) VALUES('12016',06007,'2','2020-11-08 11:45:43','4');
INSERT INTO  arcade.ToppedUp([employee],[client],[cost],[time_stamp],[credits]) VALUES('12016',06008,'2','2020-10-29 12:13:52','4');
INSERT INTO  arcade.ToppedUp([employee],[client],[cost],[time_stamp],[credits]) VALUES('12016',06009,'2.50','2021-08-03 22:52:57','5');
INSERT INTO  arcade.ToppedUp([employee],[client],[cost],[time_stamp],[credits]) VALUES('12001',06010,'2.50','2021-06-11 02:56:16','5');
INSERT INTO  arcade.ToppedUp([employee],[client],[cost],[time_stamp],[credits]) VALUES('12001',06011,'5','2021-03-11 21:40:46','10');
INSERT INTO  arcade.ToppedUp([employee],[client],[cost],[time_stamp],[credits]) VALUES('12001',06013,'5','2022-01-10 11:08:17','10');
INSERT INTO  arcade.ToppedUp([employee],[client],[cost],[time_stamp],[credits]) VALUES('12001',06014,'7.50','2020-07-10 19:37:46','15');
INSERT INTO  arcade.ToppedUp([employee],[client],[cost],[time_stamp],[credits]) VALUES('12002',06015,'7.50','2021-06-03 08:53:35','15');
INSERT INTO  arcade.ToppedUp([employee],[client],[cost],[time_stamp],[credits]) VALUES('12002',06016,'10','2021-05-27 16:50:25','20');
INSERT INTO  arcade.ToppedUp([employee],[client],[cost],[time_stamp],[credits]) VALUES('12002',06017,'10','2020-05-31 07:26:48','20');
INSERT INTO  arcade.ToppedUp([employee],[client],[cost],[time_stamp],[credits]) VALUES('12022',06018,'25','2021-02-22 04:07:22','50');
INSERT INTO  arcade.ToppedUp([employee],[client],[cost],[time_stamp],[credits]) VALUES('12022',06019,'25','2020-12-16 18:12:15','50');
INSERT INTO  arcade.ToppedUp([employee],[client],[cost],[time_stamp],[credits]) VALUES('12022',06010,'0.50','2022-02-22 00:58:34','1');
INSERT INTO  arcade.ToppedUp([employee],[client],[cost],[time_stamp],[credits]) VALUES('12022',06020,'0.50','2020-07-05 20:17:13','1');
INSERT INTO  arcade.ToppedUp([employee],[client],[cost],[time_stamp],[credits]) VALUES('12020',06021,'1','2021-06-11 20:45:52','2');
INSERT INTO  arcade.ToppedUp([employee],[client],[cost],[time_stamp],[credits]) VALUES('12020',06022,'1','2020-11-28 11:43:00','2');
INSERT INTO  arcade.ToppedUp([employee],[client],[cost],[time_stamp],[credits]) VALUES('12020',06023,'1.50','2021-04-01 16:38:21','3');
INSERT INTO  arcade.ToppedUp([employee],[client],[cost],[time_stamp],[credits]) VALUES('12020',06024,'1.50','2021-07-09 17:07:37','3');
INSERT INTO  arcade.ToppedUp([employee],[client],[cost],[time_stamp],[credits]) VALUES('12020',06025,'2','2021-02-28 04:59:09','4');
INSERT INTO  arcade.ToppedUp([employee],[client],[cost],[time_stamp],[credits]) VALUES('12020',06026,'2','2021-12-28 14:59:53','4');
INSERT INTO  arcade.ToppedUp([employee],[client],[cost],[time_stamp],[credits]) VALUES('12020',06027,'2.50','2020-10-25 17:31:04','5');
INSERT INTO  arcade.ToppedUp([employee],[client],[cost],[time_stamp],[credits]) VALUES('12021',06028,'2.50','2021-12-16 07:42:41','5');
INSERT INTO  arcade.ToppedUp([employee],[client],[cost],[time_stamp],[credits]) VALUES('12021',06029,'5','2020-07-29 12:06:17','10');
INSERT INTO  arcade.ToppedUp([employee],[client],[cost],[time_stamp],[credits]) VALUES('12021',06020,'5','2021-11-03 08:08:16','10');
INSERT INTO  arcade.ToppedUp([employee],[client],[cost],[time_stamp],[credits]) VALUES('12021',06030,'7.50','2021-01-31 20:31:23','15');
INSERT INTO  arcade.ToppedUp([employee],[client],[cost],[time_stamp],[credits]) VALUES('12021',06031,'7.50','2022-05-14 00:33:47','15');
INSERT INTO  arcade.ToppedUp([employee],[client],[cost],[time_stamp],[credits]) VALUES('12020',06032,'10','2020-12-12 14:46:55','20');
INSERT INTO  arcade.ToppedUp([employee],[client],[cost],[time_stamp],[credits]) VALUES('12020',06033,'10','2021-10-12 19:07:25','20');
INSERT INTO  arcade.ToppedUp([employee],[client],[cost],[time_stamp],[credits]) VALUES('12020',06034,'25','2020-07-08 11:06:11','50');
INSERT INTO  arcade.ToppedUp([employee],[client],[cost],[time_stamp],[credits]) VALUES('12020',06035,'25','2021-11-16 08:08:04','50');
INSERT INTO  arcade.ToppedUp([employee],[client],[cost],[time_stamp],[credits]) VALUES('12020',06036,'0.50','2021-05-13 10:46:39','1');
INSERT INTO  arcade.ToppedUp([employee],[client],[cost],[time_stamp],[credits]) VALUES('12019',06037,'0.50','2022-04-03 12:19:18','1');
INSERT INTO  arcade.ToppedUp([employee],[client],[cost],[time_stamp],[credits]) VALUES('12019',06038,'1','2022-02-13 19:37:53','2');
INSERT INTO  arcade.ToppedUp([employee],[client],[cost],[time_stamp],[credits]) VALUES('12019',06039,'1','2020-06-22 14:59:54','2');
INSERT INTO  arcade.ToppedUp([employee],[client],[cost],[time_stamp],[credits]) VALUES('12019',06040,'1.50','2021-08-21 12:13:54','3');
INSERT INTO  arcade.ToppedUp([employee],[client],[cost],[time_stamp],[credits]) VALUES('12019',06041,'1.50','2020-10-17 07:51:17','3');
INSERT INTO  arcade.ToppedUp([employee],[client],[cost],[time_stamp],[credits]) VALUES('12018',06042,'2','2021-03-10 07:00:05','4');
INSERT INTO  arcade.ToppedUp([employee],[client],[cost],[time_stamp],[credits]) VALUES('12018',06043,'2','2020-10-18 21:01:06','4');
INSERT INTO  arcade.ToppedUp([employee],[client],[cost],[time_stamp],[credits]) VALUES('12014',06043,'2.50','2022-02-06 21:45:49','5');
INSERT INTO  arcade.ToppedUp([employee],[client],[cost],[time_stamp],[credits]) VALUES('12004',06044,'2.50','2021-02-01 22:48:35','5');
INSERT INTO  arcade.ToppedUp([employee],[client],[cost],[time_stamp],[credits]) VALUES('12004',06045,'5','2021-03-26 02:32:46','10');
INSERT INTO  arcade.ToppedUp([employee],[client],[cost],[time_stamp],[credits]) VALUES('12004',06046,'5','2021-12-09 08:08:42','10');
INSERT INTO  arcade.ToppedUp([employee],[client],[cost],[time_stamp],[credits]) VALUES('12005',06047,'7.50','2021-05-14 11:10:54','15');
INSERT INTO  arcade.ToppedUp([employee],[client],[cost],[time_stamp],[credits]) VALUES('12005',06048,'7.50','2021-01-10 22:54:20','15');
INSERT INTO  arcade.ToppedUp([employee],[client],[cost],[time_stamp],[credits]) VALUES('12005',06049,'10','2020-08-26 01:59:40','20');
INSERT INTO  arcade.ToppedUp([employee],[client],[cost],[time_stamp],[credits]) VALUES('12007',06050,'10','2021-12-13 14:23:41','20');
INSERT INTO  arcade.ToppedUp([employee],[client],[cost],[time_stamp],[credits]) VALUES('12007',06051,'25','2020-08-02 04:48:37','50');
INSERT INTO  arcade.ToppedUp([employee],[client],[cost],[time_stamp],[credits]) VALUES('12007',06052,'25','2020-11-13 09:58:54','50');
INSERT INTO  arcade.ToppedUp([employee],[client],[cost],[time_stamp],[credits]) VALUES('12009',06053,'0.50','2022-03-03 13:52:15','1');
INSERT INTO  arcade.ToppedUp([employee],[client],[cost],[time_stamp],[credits]) VALUES('12009',06054,'0.50','2021-09-19 21:28:13','1');
INSERT INTO  arcade.ToppedUp([employee],[client],[cost],[time_stamp],[credits]) VALUES('12019',06055,'1','2021-12-19 19:26:51','2');
INSERT INTO  arcade.ToppedUp([employee],[client],[cost],[time_stamp],[credits]) VALUES('12019',06056,'1','2021-03-10 21:19:58','2');
INSERT INTO  arcade.ToppedUp([employee],[client],[cost],[time_stamp],[credits]) VALUES('12019',06057,'1.50','2022-04-05 06:24:14','3');
INSERT INTO  arcade.ToppedUp([employee],[client],[cost],[time_stamp],[credits]) VALUES('12019',06058,'1.50','2020-10-23 12:55:04','3');
INSERT INTO  arcade.ToppedUp([employee],[client],[cost],[time_stamp],[credits]) VALUES('12016',06001,'2','2021-04-18 23:41:53','4');
INSERT INTO  arcade.ToppedUp([employee],[client],[cost],[time_stamp],[credits]) VALUES('12016',06001,'2','2021-01-01 18:39:51','4');
INSERT INTO  arcade.ToppedUp([employee],[client],[cost],[time_stamp],[credits]) VALUES('12016',06003,'2.50','2020-11-03 12:04:15','5');
INSERT INTO  arcade.ToppedUp([employee],[client],[cost],[time_stamp],[credits]) VALUES('12016',06004,'2.50','2021-02-04 10:21:49','5');
INSERT INTO  arcade.ToppedUp([employee],[client],[cost],[time_stamp],[credits]) VALUES('12016',06005,'5','2020-07-23 08:15:40','10');
INSERT INTO  arcade.ToppedUp([employee],[client],[cost],[time_stamp],[credits]) VALUES('12017',06006,'5','2021-04-11 12:37:29','10');
INSERT INTO  arcade.ToppedUp([employee],[client],[cost],[time_stamp],[credits]) VALUES('12017',06007,'7.50','2021-04-26 00:53:38','15');
INSERT INTO  arcade.ToppedUp([employee],[client],[cost],[time_stamp],[credits]) VALUES('12017',06008,'7.50','2021-09-07 00:48:37','15');
INSERT INTO  arcade.ToppedUp([employee],[client],[cost],[time_stamp],[credits]) VALUES('12017',06008,'10','2021-04-04 03:18:49','20');
INSERT INTO  arcade.ToppedUp([employee],[client],[cost],[time_stamp],[credits]) VALUES('12017',06010,'10','2020-09-28 06:08:51','20');
INSERT INTO  arcade.ToppedUp([employee],[client],[cost],[time_stamp],[credits]) VALUES('12017',06011,'25','2021-10-09 20:34:49','50');
INSERT INTO  arcade.ToppedUp([employee],[client],[cost],[time_stamp],[credits]) VALUES('12014',06012,'25','2021-01-12 19:18:04','50');
INSERT INTO  arcade.ToppedUp([employee],[client],[cost],[time_stamp],[credits]) VALUES('12014',06013,'0.50','2020-08-04 03:30:21','1');
INSERT INTO  arcade.ToppedUp([employee],[client],[cost],[time_stamp],[credits]) VALUES('12014',06014,'0.50','2021-11-15 13:17:11','1');
INSERT INTO  arcade.ToppedUp([employee],[client],[cost],[time_stamp],[credits]) VALUES('12014',06015,'1','2021-06-28 13:53:32','2');
INSERT INTO  arcade.ToppedUp([employee],[client],[cost],[time_stamp],[credits]) VALUES('12012',06016,'1','2020-08-28 21:31:58','2');
INSERT INTO  arcade.ToppedUp([employee],[client],[cost],[time_stamp],[credits]) VALUES('12012',06017,'1.50','2020-06-05 02:14:50','3');
INSERT INTO  arcade.ToppedUp([employee],[client],[cost],[time_stamp],[credits]) VALUES('12012',06018,'1.50','2021-01-19 23:26:49','3');
INSERT INTO  arcade.ToppedUp([employee],[client],[cost],[time_stamp],[credits]) VALUES('12012',06019,'2','2021-07-30 05:12:46','4');
INSERT INTO  arcade.ToppedUp([employee],[client],[cost],[time_stamp],[credits]) VALUES('12011',06020,'2','2021-07-16 14:00:41','4');
INSERT INTO  arcade.ToppedUp([employee],[client],[cost],[time_stamp],[credits]) VALUES('12011',06021,'2.50','2021-10-09 04:10:09','5');
INSERT INTO  arcade.ToppedUp([employee],[client],[cost],[time_stamp],[credits]) VALUES('12011',06022,'2.50','2021-06-20 01:41:33','5');
INSERT INTO  arcade.ToppedUp([employee],[client],[cost],[time_stamp],[credits]) VALUES('12011',06023,'5','2021-11-09 10:50:31','10');
INSERT INTO  arcade.ToppedUp([employee],[client],[cost],[time_stamp],[credits]) VALUES('12011',06024,'5','2021-01-03 07:05:42','10');
INSERT INTO  arcade.ToppedUp([employee],[client],[cost],[time_stamp],[credits]) VALUES('12011',06025,'7.50','2020-12-01 10:03:19','15');
INSERT INTO  arcade.ToppedUp([employee],[client],[cost],[time_stamp],[credits]) VALUES('12015',06026,'7.50','2021-10-02 16:29:43','15');
INSERT INTO  arcade.ToppedUp([employee],[client],[cost],[time_stamp],[credits]) VALUES('12015',06026,'10','2020-07-07 12:57:36','20');
INSERT INTO  arcade.ToppedUp([employee],[client],[cost],[time_stamp],[credits]) VALUES('12015',06029,'10','2020-11-21 19:32:18','20');
INSERT INTO  arcade.ToppedUp([employee],[client],[cost],[time_stamp],[credits]) VALUES('12015',06028,'25','2021-06-01 00:08:16','50');
INSERT INTO  arcade.ToppedUp([employee],[client],[cost],[time_stamp],[credits]) VALUES('12017',06029,'25','2021-11-13 22:56:26','50');
INSERT INTO  arcade.ToppedUp([employee],[client],[cost],[time_stamp],[credits]) VALUES('12013',06030,'0.50','2021-03-18 11:13:59','1');
INSERT INTO  arcade.ToppedUp([employee],[client],[cost],[time_stamp],[credits]) VALUES('12000',06031,'0.50','2021-01-20 08:00:11','1');
INSERT INTO  arcade.ToppedUp([employee],[client],[cost],[time_stamp],[credits]) VALUES('12002',06032,'1','2021-10-05 14:54:30','2');
INSERT INTO  arcade.ToppedUp([employee],[client],[cost],[time_stamp],[credits]) VALUES('12002',06033,'1','2020-07-23 13:25:28','2');
INSERT INTO  arcade.ToppedUp([employee],[client],[cost],[time_stamp],[credits]) VALUES('12002',06034,'1.50','2022-05-10 06:50:55','3');
INSERT INTO  arcade.ToppedUp([employee],[client],[cost],[time_stamp],[credits]) VALUES('12002',06035,'1.50','2022-01-30 04:47:01','3');
INSERT INTO  arcade.ToppedUp([employee],[client],[cost],[time_stamp],[credits]) VALUES('12002',06036,'2','2021-06-24 20:07:17','4');
INSERT INTO  arcade.ToppedUp([employee],[client],[cost],[time_stamp],[credits]) VALUES('12002',06037,'2','2021-07-07 11:50:59','4');
INSERT INTO  arcade.ToppedUp([employee],[client],[cost],[time_stamp],[credits]) VALUES('12002',06038,'2.50','2021-12-18 19:02:08','5');
INSERT INTO  arcade.ToppedUp([employee],[client],[cost],[time_stamp],[credits]) VALUES('12002',06039,'2.50','2021-05-07 12:46:30','5');
























